WISLR_LINKID,functional_class
4818580,Urban Other Connecting Link Principal Arterial
4819008,Urban Local
4819009,Urban Local
4819014,Urban Local
4819015,Urban Local
4819030,Urban Local
4819035,Urban Local
4819036,Urban Local
4819044,Urban Local
4819046,Urban Local
4819047,Urban Local
4819048,Urban Local
4819073,Urban Local
4819076,Urban Local
4819082,Urban Minor Arterial
4819106,Urban Local
4819108,Urban Local
4819111,Urban Local
4819129,Urban Local
4819130,Urban Local
4819131,Urban Local
4819132,Urban Local
4819136,Urban Local
4819137,Urban Minor Arterial
4819138,Urban Minor Arterial
4819139,Urban Minor Arterial
4819140,Urban Local
4819145,Urban Local
4819146,Urban Minor Arterial
4819148,Urban Local
4819149,Urban Local
4819150,Urban Minor Arterial
4819151,Urban Minor Arterial
4819161,Urban Local
4819162,Urban Local
4819166,Urban Local
4819167,Urban Local
4819168,Urban Local
4819169,Urban Local
4819170,Urban Local
4819172,Urban Local
4819177,Urban Local
4819178,Urban Local
4819184,Urban Minor Arterial
4819185,Urban Local
4819186,Urban Local
4819187,Urban Local
4819197,Urban Local
4819198,Urban Local
4819201,Urban Local
4819204,Urban Collector
4819205,Urban Collector
4819209,Urban Local
4819210,Urban Local
4819222,Urban Collector
4819224,Urban Local
4819225,Urban Collector
4819226,Urban Collector
4819229,Urban Local
4819232,Urban Local
4819240,Urban Local
4819241,Urban Local
4819243,Urban Local
4819250,Urban Local
4819251,Urban Local
4819253,Urban Local
4819254,Urban Local
4819257,Urban Local
4819258,Urban Local
4819260,Urban Local
4819262,Urban Local
4819266,Urban Local
4819271,Urban Local
4819274,Urban Local
4819275,Urban Local
4819276,Urban Other Connecting Link Principal Arterial
4819284,Urban Local
4819289,Urban Local
4819290,Urban Local
4819291,Urban Local
4819297,Urban Local
4819298,Urban Local
4819299,Urban Local
4819301,Urban Local
4819302,Urban Local
4819306,Urban Local
4819308,Urban Local
4819309,Urban Local
4819310,Urban Local
4819317,Urban Local
4819320,Urban Local
4819321,Urban Local
4819322,Urban Local
4819323,Urban Local
4819324,Urban Local
4819325,Urban Local
4819329,Urban Local
4819339,Urban Local
4819340,Urban Local
4819348,Urban Local
4819350,Urban Local
4819351,Urban Local
4819354,Urban Local
4819355,Urban Local
4819356,Urban Local
4819357,Urban Local
4819360,Urban Local
4819364,Urban Local
4819365,Urban Local
4819367,Urban Local
4819368,Rural Major Collector
4819369,Urban Local
4819370,Urban Local
4819371,Urban Local
4819372,Urban Local
4819373,Urban Local
4819374,Urban Local
4819375,Urban Minor Arterial
4819376,Urban Local
4819379,Urban Local
4819380,Urban Local
4819381,Urban Local
4819382,Urban Local
4819383,Urban Local
4819384,Urban Local
4819385,Urban Local
4819391,Urban Local
4819392,Urban Local
4819393,Urban Local
4819394,Urban Local
4819403,Urban Local
4819405,Urban Local
4819406,Urban Local
4819407,Urban Local
4819408,Urban Local
4819410,Urban Local
4819412,Urban Local
4819421,Urban Local
4819422,Urban Local
4819426,Urban Local
4819431,Urban Local
4819434,Urban Local
4819437,Urban Local
4819438,Urban Local
4819440,Urban Local
4819441,Urban Local
4819446,Urban Minor Arterial
4819447,Urban Local
4819449,Urban Local
4819450,Urban Local
4819452,Urban Local
4819453,Urban Local
4819456,Urban Local
4819457,Urban Local
4819458,Urban Collector
4819461,Urban Local
4819462,Rural Local
4819463,Rural Major Collector
4819464,Urban Collector
4819465,Urban Local
4819466,Urban Local
4819467,Urban Local
4819468,Urban Local
4819475,Urban Local
4819476,Urban Local
4819477,Urban Local
4819478,Urban Collector
4819480,Rural Local
4819482,Rural Major Collector
4819483,Urban Local
4819484,Urban Local
4819485,Urban Local
4819486,Urban Local
4819487,Urban Local
4819488,Urban Local
4819489,Urban Local
4819490,Urban Local
4819495,Urban Local
4819496,Urban Local
4819497,Urban Collector
4819502,Urban Local
4819507,Urban Other Connecting Link Principal Arterial
4819515,Urban Other Connecting Link Principal Arterial
4819519,Urban Other Connecting Link Principal Arterial
4819523,Urban Minor Arterial
4819524,Urban Minor Arterial
4819527,Urban Minor Arterial
4819528,Urban Minor Arterial
4819529,Urban Local
4819532,Urban Minor Arterial
4819533,Urban Local
4819534,Urban Minor Arterial
4819535,Urban Local
4819536,Urban Minor Arterial
4819537,Urban Minor Arterial
4819540,Urban Collector
4819544,Urban Other Connecting Link Principal Arterial
4819565,Urban Other Connecting Link Principal Arterial
4819566,Urban Local
4819572,Urban Collector
4819575,Urban Local
4819580,Urban Local
4819581,Urban Local
4819586,Urban Other Connecting Link Principal Arterial
4819587,Urban Local
4819588,Urban Local
4819598,Urban Local
4819599,Urban Other Connecting Link Principal Arterial
4819602,Urban Other Connecting Link Principal Arterial
4819603,Urban Local
4819610,Urban Local
4819611,Urban Local
4819612,Urban Local
4819616,Urban Local
4819634,Urban Local
4819635,Urban Local
4819640,Urban Local
4819644,Urban Other Connecting Link Principal Arterial
4819645,Urban Local
4819646,Urban Collector
4819650,Urban Local
4819652,Urban Local
4819653,Urban Local
4819655,Urban Local
4819656,Urban Local
4819674,Urban Local
4819675,Urban Local
4819677,Rural Local
4819690,Urban Local
4819691,Urban Local
4819692,Urban Local
4819694,Urban Local
4819698,Urban Local
4819707,Urban Local
4819712,Urban Local
4819713,Urban Local
4819714,Urban Local
4819723,Urban Local
4819724,Urban Local
4819725,Urban Local
4819730,Urban Local
4819742,Urban Local
4819743,Urban Local
4819744,Urban Local
4819745,Urban Local
4819747,Urban Local
4819748,Urban Local
4819751,Urban Local
4819754,Rural Local
4819757,Rural Local
4819758,Rural Local
4819762,Rural Local
4819764,Urban Local
4819767,Urban Local
4819775,Urban Local
4819776,Urban Local
4819798,Urban Local
4819799,Urban Local
4819816,Urban Collector
4819817,Urban Local
4819821,Urban Local
4819823,Urban Local
4819837,Urban Other Connecting Link Principal Arterial
4819841,Urban Local
4819850,Urban Local
4819851,Urban Local
4819852,Urban Collector
4819855,Urban Collector
4819856,Urban Local
4819857,Urban Local
4819858,Urban Local
4819864,Urban Collector
4819865,Urban Local
4819866,Urban Local
4819868,Urban Local
4819869,Urban Collector
4819871,Urban Collector
4819872,Urban Collector
4819873,Urban Collector
4819874,Urban Local
4819875,Urban Local
4819876,Urban Other Connecting Link Principal Arterial
4819877,Urban Local
4819878,Urban Local
4819879,Urban Collector
4819880,Urban Collector
4819902,Urban Local
4819904,Urban Local
4819908,Urban Local
4819909,Urban Local
4819925,Rural Local
4819929,Urban Other Connecting Link Principal Arterial
4819934,Urban Local
4819943,Urban Local
4819947,Urban Local
4819948,Urban Local
4819962,Urban Local
4819964,Urban Local
4819969,Urban Other Connecting Link Principal Arterial
4819972,Urban Other Connecting Link Principal Arterial
4819976,Urban Other Connecting Link Principal Arterial
4819977,Urban Other Connecting Link Principal Arterial
4820030,Urban Local
4820031,Urban Local
4820033,Urban Other Connecting Link Principal Arterial
4820034,Urban Local
4820050,Urban Collector
4820057,Urban Local
4820075,Urban Local
4820076,Urban Local
4820083,Urban Minor Arterial
4820084,Urban Local
4820086,Urban Local
4820090,Urban Collector
4820091,Urban Local
4820095,Urban Local
4820096,Urban Local
4820134,Urban Local
4820135,Urban Local
4820136,Urban Local
4820137,Urban Minor Arterial
4820139,Urban Collector
4820141,Rural Local
4820148,Urban Local
4820149,Urban Local
4820152,Rural Local
4820153,Rural Local
4820180,Urban Other Connecting Link Principal Arterial
4820189,Urban Collector
4820193,Urban Collector
4820194,Urban Collector
4820196,Urban Local
4820197,Urban Collector
4820198,Urban Collector
4820200,Urban Collector
4820201,Urban Collector
4820202,Urban Local
4820203,Urban Collector
4820204,Urban Collector
4820211,Urban Minor Arterial
4820246,Urban Local
4820247,Urban Local
4820251,Urban Local
4820252,Urban Collector
4820254,Urban Local
4820255,Urban Local
4820256,Urban Local
4820257,Urban Local
4820262,Urban Local
4820265,Urban Local
4820266,Urban Local
4820267,Urban Minor Arterial
4820272,Urban Local
4820273,Urban Local
4820275,Urban Local
4820306,Urban Local
4820310,Urban Collector
4820315,Urban Local
4820317,Urban Local
4820318,Urban Collector
4820319,Urban Local
4820326,Urban Local
4820327,Urban Local
4820328,Urban Local
4820329,Urban Local
4820330,Urban Local
4820331,Urban Local
4820333,Urban Local
4820334,Urban Local
4820336,Urban Local
4820337,Urban Minor Arterial
4820348,Urban Collector
4820349,Urban Local
4820375,Rural Local
4820383,Rural Minor Arterial
4820399,Urban Local
4820402,Urban Other Connecting Link Principal Arterial
4820403,Urban Collector
4820404,Urban Other Connecting Link Principal Arterial
4820405,Urban Other Connecting Link Principal Arterial
4820406,Urban Other Connecting Link Principal Arterial
4820407,Urban Local
4820410,Urban Other Connecting Link Principal Arterial
4820411,Urban Local
4820419,Rural Local
4820422,Urban Other Connecting Link Principal Arterial
4820423,Urban Minor Arterial
4820426,Urban Other Connecting Link Principal Arterial
4820427,Urban Other Connecting Link Principal Arterial
4820452,Urban Minor Arterial
4820463,Urban Other Connecting Link Principal Arterial
4820464,Urban Collector
4820467,Urban Collector
4820471,Urban Local
4820472,Urban Local
4820477,Urban Minor Arterial
4820480,Urban Collector
4820481,Urban Other Connecting Link Principal Arterial
4820484,Urban Local
4820485,Urban Collector
4820487,Urban Collector
4820488,Urban Local
4820491,Urban Collector
4820492,Urban Local
4820493,Urban Collector
4820494,Urban Collector
4820497,Urban Collector
4820498,Urban Local
4820533,Urban Local
4820534,Urban Local
4820543,Urban Other Connecting Link Principal Arterial
4820548,Urban Local
4820550,Urban Local
4820551,Urban Local
4820552,Urban Minor Arterial
4820555,Urban Other Connecting Link Principal Arterial
4820556,Urban Local
4820558,Urban Local
4820567,Urban Local
4820570,Urban Local
4820571,Urban Local
4820577,Urban Local
4820578,Urban Local
4820579,Urban Local
4820580,Urban Local
4820581,Urban Local
4820593,Rural Local
4820596,Urban Local
4820608,Urban Local
4820609,Urban Local
4820611,Urban Local
4820612,Urban Local
4820617,Urban Collector
4820618,Urban Collector
4820620,Urban Local
4820621,Urban Other Connecting Link Principal Arterial
4820668,Urban Local
4820669,Urban Local
4820677,Urban Local
4820708,Urban Other Connecting Link Principal Arterial
4820712,Urban Local
4820713,Urban Local
4820714,Urban Local
4820715,Urban Local
4820716,Urban Local
4820723,Urban Local
4820724,Urban Minor Arterial
4820731,Urban Local
4820732,Urban Local
4820733,Urban Local
4820737,Urban Local
4820738,Urban Local
4820745,Urban Local
4820746,Urban Local
4820756,Urban Local
4820786,Urban Local
4820791,Urban Minor Arterial
4820800,Urban Collector
4820801,Urban Local
4820802,Urban Local
4820804,Urban Other Connecting Link Principal Arterial
4820809,Urban Local
4820821,Urban Local
4820826,Urban Local
4820827,Urban Local
4820839,Urban Collector
4820859,Rural Local
4820872,Urban Local
4820873,Urban Local
4820876,Urban Collector
4820895,Urban Local
4820896,Urban Local
4820899,Urban Local
4820902,Urban Local
4820903,Urban Local
4820905,Urban Local
4820915,Urban Local
4820916,Urban Local
4820935,Urban Local
4820936,Urban Local
4820937,Rural Local
4820953,Rural Local
4820973,Urban Local
4820974,Urban Minor Arterial
4820975,Urban Local
4820976,Urban Local
4820982,Urban Local
4820996,Urban Local
4821010,Urban Collector
4821013,Urban Local
4821014,Urban Collector
4821015,Urban Collector
4821016,Urban Local
4821017,Urban Local
4821018,Urban Local
4821019,Rural Local
4821020,Urban Minor Arterial
4821021,Urban Local
4821022,Urban Minor Arterial
4821032,Urban Local
4821035,Urban Local
4821041,Urban Local
4821054,Rural Local
4821059,Urban Local
4821060,Urban Other Connecting Link Principal Arterial
4821070,Rural Local
4821100,Urban Collector
4821103,Urban Collector
4821106,Urban Local
4821107,Urban Collector
4821108,Rural Local
4821112,Rural Local
4821127,Urban Local
4821128,Urban Local
4821156,Urban Local
4821157,Urban Collector
4821165,Urban Local
4821177,Urban Collector
4821181,Urban Local
4821187,Urban Local
4821188,Urban Local
4821189,Urban Collector
4821192,Urban Collector
4821206,Urban Collector
4821207,Urban Collector
4821208,Urban Collector
4821209,Urban Local
4821213,Urban Minor Arterial
4821214,Urban Local
4821223,Urban Local
4821224,Urban Collector
4821233,Urban Local
4821252,Urban Collector
4821267,Urban Collector
4821268,Urban Local
4821269,Urban Local
4821274,Urban Local
4821275,Urban Local
4821276,Urban Collector
4821277,Urban Local
4821280,Urban Local
4821287,Urban Local
4821290,Urban Local
4821313,Rural Local
4821316,Rural Local
4821320,Urban Local
4821323,Urban Local
4821324,Urban Local
4821339,Urban Collector
4821340,Urban Local
4821341,Urban Local
4821344,Urban Collector
4821347,Urban Local
4821348,Urban Local
4821356,Urban Local
4821359,Urban Local
4821360,Urban Collector
4821361,Urban Local
4821362,Urban Local
4821367,Urban Local
4821374,Urban Local
4821387,Urban Local
4821390,Urban Collector
4821395,Urban Local
4821396,Urban Collector
4821397,Urban Local
4821410,Urban Local
4821413,Urban Local
4821416,Urban Local
4821417,Urban Local
4821418,Urban Local
4821424,Urban Local
4821427,Urban Local
4821429,Urban Minor Arterial
4821437,Urban Local
4821440,Urban Collector
4821441,Urban Local
4821462,Urban Local
4821463,Urban Local
4821466,Urban Collector
4821467,Urban Local
4821515,Urban Minor Arterial
4821524,Urban Local
4821525,Urban Local
4821526,Urban Collector
4821527,Urban Collector
4821528,Urban Local
4821548,Urban Collector
4821549,Urban Local
4821556,Urban Local
4821557,Urban Local
4821569,Urban Collector
4821616,Rural Local
4821630,Urban Other Connecting Link Principal Arterial
4821635,Urban Collector
4821638,Urban Local
4821661,Rural Local
4821664,Urban Local
4821728,Rural Local
4821772,Rural Local
4821850,Rural Local
4821853,Rural Local
4821910,Rural Local
4822123,Rural Local
4822138,Rural Local
4822207,Rural Local
4822208,Urban Collector
4822209,Rural Local
4822212,Urban Collector
4822216,Urban Collector
4822220,Urban Minor Arterial
4822228,Urban Collector
4822233,Urban Minor Arterial
4822397,Urban Local
4822450,Urban Local
4822504,Urban Local
4822529,Urban Local
4822550,Rural Local
4822590,Rural Local
4822635,Rural Local
4822654,Urban Local
4822724,Urban Local
4822730,Urban Local
4822765,Urban Local
4822766,Urban Local
4822792,Urban Local
4822816,Urban Local
4822817,Urban Local
4822896,Urban Local
4822897,Urban Collector
4822921,Urban Local
4823013,Rural Minor Arterial
4823014,Rural Local
4823609,Urban Local
4823610,Urban Local
4823721,Urban Local
4823729,Urban Local
4823732,Urban Local
4823733,Urban Local
4823739,Rural Local
4823740,Rural Local
4823750,Urban Local
4823763,Rural Minor Arterial
4823838,Rural Local
4823839,Rural Major Collector
4823857,Urban Local
4823917,Urban Local
4823919,Urban Local
4823922,Urban Collector
4824008,Urban Local
4824078,Urban Local
4824079,Urban Local
4824109,Urban Local
4824124,Urban Local
4824125,Urban Local
4824249,Urban Local
4824261,Urban Local
4824262,Urban Local
4824344,Urban Local
4824386,Urban Local
4824390,Urban Local
4824398,Urban Local
4824399,Urban Local
4824400,Urban Local
4824403,Rural Minor Arterial
4824404,Rural Local
4824439,Urban Local
4824440,Urban Local
4824445,Urban Local
4824486,Urban Local
4824487,Urban Local
4824500,Urban Local
4824517,Urban Local
4824518,Urban Local
4824525,Urban Local
4824526,Urban Collector
4824542,Urban Local
4824551,Urban Local
4824608,Urban Local
4824609,Urban Local
4824627,Urban Local
4824675,Urban Local
4824677,Urban Local
4824682,Urban Local
4824723,Urban Local
4824735,Urban Local
4824792,Urban Local
4824863,Rural Local
4824866,Rural Local
4824879,Rural Local
4824882,Urban Local
4824883,Urban Local
4824885,Urban Local
4824906,Rural Local
4824907,Rural Minor Arterial
4824908,Rural Local
4824943,Urban Collector
4824944,Rural Local
4824945,Rural Local
4824977,Rural Local
4824978,Rural Local
4825041,Rural Local
4825049,Rural Local
4825051,Rural Local
4825060,Rural Local
4825071,Rural Local
4825113,Rural Local
4825116,Rural Local
4825159,Rural Local
4825163,Rural Local
4825172,Rural Local
4825190,Rural Local
4825192,Rural Local
4825195,Rural Local
4825296,Rural Local
4825325,Rural Local
4825328,Rural Local
4825493,Rural Local
4825495,Rural Local
4825547,Rural Minor Arterial
4825561,Rural Local
4825649,Rural Minor Arterial
4825650,Rural Local
4825671,Rural Local
4825707,Rural Local
4826251,Rural Local
4827335,Urban Minor Arterial
4827336,Urban Minor Arterial
4827337,Urban Minor Arterial
4827338,Urban Minor Arterial
4827343,Rural Local
4827417,Rural Local
4827418,Rural Local
4827419,Rural Local
4827420,Rural Local
4827421,Rural Local
4827422,Rural Local
4827423,Rural Local
4827424,Rural Local
4827425,Rural Local
4827426,Rural Local
4827427,Rural Major Collector
4827428,Rural Local
4827429,Rural Major Collector
4827430,Rural Local
4827431,Rural Major Collector
4827432,Rural Major Collector
4827433,Rural Local
4827434,Rural Major Collector
4827435,Rural Major Collector
4827436,Rural Local
4827437,Rural Local
4827438,Rural Local
4827439,Rural Local
4827441,Rural Local
4827442,Rural Local
4827443,Rural Local
4827444,Rural Local
4827445,Rural Minor Arterial
4827446,Rural Minor Arterial
4827449,Rural Local
4827453,Rural Local
4827454,Rural Local
4827455,Rural Local
4827456,Rural Local
4827457,Rural Local
4827458,Rural Local
4827459,Rural Local
4827537,Rural Local
4828113,Urban Local
4828114,Urban Local
4828115,Urban Local
4828121,Urban Local
4828122,Urban Local
4828125,Urban Local
4828126,Urban Other Connecting Link Principal Arterial
4828130,Urban Collector
4828131,Urban Collector
4828132,Urban Collector
4828133,Urban Minor Arterial
4828135,Urban Other Connecting Link Principal Arterial
4828136,Urban Local
4828137,Urban Minor Arterial
4828138,Urban Minor Arterial
4828141,Urban Collector
4828145,Urban Local
4828146,Urban Local
4828147,Urban Local
4828148,Urban Local
4828149,Urban Local
4828150,Urban Local
4828151,Urban Collector
4828152,Urban Collector
4828153,Urban Local
4828154,Urban Local
4828155,Urban Local
4828156,Urban Local
4828159,Urban Local
4828160,Urban Local
4828161,Urban Local
4828162,Urban Local
4828163,Urban Local
4828164,Urban Local
4828165,Urban Local
4828166,Urban Local
4828167,Urban Local
4828168,Urban Local
4828169,Urban Local
4829230,Urban Local
4829231,Urban Local
4829333,Urban Collector
4829334,Urban Collector
4829338,Urban Minor Arterial
4829340,Rural Local
4829341,Urban Local
4829342,Urban Local
4829347,Urban Minor Arterial
4829348,Urban Local
4829349,Urban Local
4829350,Urban Local
4829351,Urban Local
4829352,Urban Local
4829353,Urban Local
4829354,Urban Minor Arterial
4829356,Urban Local
4829357,Urban Local
4829358,Urban Local
4829359,Urban Local
4829360,Urban Local
4829364,Urban Local
4829366,Urban Local
4829370,Urban Local
4829371,Urban Local
4829372,Urban Local
4829373,Urban Collector
4829374,Urban Collector
4829375,Urban Local
4829376,Urban Local
4829377,Urban Local
4829378,Urban Local
4829380,Urban Local
4829381,Urban Local
4829382,Urban Local
4829383,Urban Local
4829386,Urban Local
4829387,Urban Local
4829388,Urban Local
4829389,Urban Local
4829392,Urban Local
4829393,Urban Local
4829394,Urban Local
4829395,Urban Local
4829396,Urban Local
4829397,Urban Local
4829404,Rural Local
4829405,Rural Local
4829406,Rural Local
4829407,Rural Local
4829408,Rural Local
4829409,Rural Local
4829410,Rural Local
4829411,Rural Local
4829412,Rural Local
4829413,Rural Local
4829414,Rural Local
4829415,Rural Local
4829416,Rural Local
4829418,Rural Local
4829419,Rural Local
4829421,Rural Local
4829426,Rural Local
4829427,Rural Local
4829428,Rural Minor Collector
4829429,Rural Minor Collector
4829431,Urban Local
4829432,Rural Local
4829434,Urban Local
4829546,Urban Local
4829547,Urban Local
4829548,Urban Local
4829549,Urban Local
4829551,Urban Local
4829552,Urban Local
4829553,Urban Local
4829554,Urban Local
4829555,Urban Local
4829557,Urban Local
4829559,Urban Local
4829560,Urban Local
4829561,Urban Local
4829562,Urban Local
4829563,Urban Local
4829564,Urban Local
4829565,Urban Local
4829566,Urban Local
4829567,Urban Local
4829568,Urban Local
4829570,Urban Local
4829572,Urban Local
4829751,Urban Local
4829752,Urban Local
4829753,Urban Other Connecting Link Principal Arterial
4829754,Urban Collector
4829756,Urban Local
4829759,Urban Collector
4829760,Urban Collector
4829762,Urban Collector
4829763,Urban Collector
4829765,Urban Local
4829766,Urban Local
4829767,Urban Local
4829771,Urban Local
4829772,Urban Local
4829773,Urban Local
4829774,Urban Local
4829775,Urban Local
4829776,Urban Local
4829777,Urban Local
4829778,Urban Collector
4829779,Urban Collector
4829780,Urban Local
4829781,Urban Local
4829782,Urban Collector
4829783,Urban Collector
4829984,Urban Local
4830394,Rural Local
4830396,Urban Local
4830397,Urban Local
4830398,Urban Local
4830399,Urban Local
4830400,Urban Local
4830401,Urban Local
4830402,Urban Local
4830404,Urban Local
4830408,Urban Collector
4830409,Urban Collector
4830410,Urban Local
4830411,Urban Local
4830412,Urban Local
4830429,Urban Local
4830430,Urban Local
4830432,Rural Major Collector
4830433,Urban Local
4830434,Rural Major Collector
4830435,Rural Major Collector
4830438,Urban Local
4830439,Rural Local
4830441,Urban Local
4830442,Urban Local
4830443,Urban Local
4830444,Urban Local
4830445,Urban Local
4830446,Urban Local
4830475,Urban Local
4830482,Urban Collector
4830484,Urban Collector
4830487,Urban Minor Arterial
4830488,Urban Local
4830489,Urban Collector
4830574,Urban Local
4830580,Urban Collector
4830581,Urban Collector
4830597,Urban Local
4830599,Urban Local
4830600,Urban Local
4830601,Urban Local
4830602,Urban Local
4830603,Urban Local
4830604,Urban Local
4830605,Urban Local
4830606,Urban Local
4830607,Urban Local
4830608,Urban Local
4830609,Urban Local
4830610,Urban Local
4830611,Urban Local
4830613,Urban Local
4830614,Urban Local
4830615,Urban Local
4830616,Urban Other Connecting Link Principal Arterial
4830617,Urban Other Connecting Link Principal Arterial
4830618,Urban Local
4830631,Urban Local
4830632,Urban Other Connecting Link Principal Arterial
4830635,Urban Other Connecting Link Principal Arterial
4830636,Urban Local
4830644,Urban Local
4830650,Urban Local
4830659,Urban Local
4830663,Urban Local
4830670,Urban Collector
4830671,Urban Collector
4830672,Urban Local
4830673,Urban Local
4830674,Urban Local
4830679,Urban Local
4830681,Urban Local
4830816,Urban Minor Arterial
4830818,Urban Minor Arterial
4830819,Rural Local
4830830,Rural Local
4830831,Rural Local
4830850,Rural Local
4830851,Rural Local
4830867,Rural Major Collector
4830873,Rural Local
4830958,Rural Minor Arterial
4831043,Rural Local
4835848,Rural Local
4835851,Rural Local
4836005,Rural Local
4836907,Urban Minor Arterial
4836953,Urban Local
4836955,Urban Local
4837002,Rural Local
4837040,Urban Local
4837043,Urban Local
4837226,Urban Local
4837228,Rural Local
4837274,Rural Local
4839966,Urban Other Connecting Link Principal Arterial
4840394,Urban Local
4840395,Urban Local
4840400,Urban Local
4840401,Urban Local
4840416,Urban Local
4840421,Urban Local
4840422,Urban Local
4840430,Urban Local
4840432,Urban Local
4840433,Urban Local
4840434,Urban Local
4840459,Urban Local
4840462,Urban Local
4840468,Urban Minor Arterial
4840492,Urban Local
4840494,Urban Local
4840497,Urban Local
4840515,Urban Local
4840516,Urban Local
4840517,Urban Local
4840518,Urban Local
4840522,Urban Local
4840523,Urban Minor Arterial
4840524,Urban Minor Arterial
4840525,Urban Minor Arterial
4840526,Urban Local
4840531,Urban Local
4840532,Urban Minor Arterial
4840534,Urban Local
4840535,Urban Local
4840536,Urban Minor Arterial
4840537,Urban Minor Arterial
4840547,Urban Local
4840548,Urban Local
4840552,Urban Local
4840553,Urban Local
4840554,Urban Local
4840555,Urban Local
4840556,Urban Local
4840558,Urban Local
4840563,Urban Local
4840564,Urban Local
4840570,Urban Minor Arterial
4840571,Urban Local
4840572,Urban Local
4840573,Urban Local
4840583,Urban Local
4840584,Urban Local
4840587,Urban Local
4840590,Urban Collector
4840591,Urban Collector
4840595,Urban Local
4840596,Urban Local
4840608,Urban Collector
4840610,Urban Local
4840611,Urban Collector
4840612,Urban Collector
4840615,Urban Local
4840618,Urban Local
4840626,Urban Local
4840627,Urban Local
4840629,Urban Local
4840636,Urban Local
4840637,Urban Local
4840639,Urban Local
4840640,Urban Local
4840643,Urban Local
4840644,Urban Local
4840646,Urban Local
4840648,Urban Local
4840652,Urban Local
4840657,Urban Local
4840660,Urban Local
4840661,Urban Local
4840662,Urban Other Connecting Link Principal Arterial
4840670,Urban Local
4840675,Urban Local
4840676,Urban Local
4840677,Urban Local
4840683,Urban Local
4840684,Urban Local
4840685,Urban Local
4840687,Urban Local
4840688,Urban Local
4840690,Urban Local
4840692,Urban Local
4840694,Urban Local
4840695,Urban Local
4840696,Urban Local
4840697,Urban Local
4840703,Urban Local
4840706,Urban Local
4840707,Urban Local
4840708,Urban Local
4840709,Urban Local
4840710,Urban Local
4840711,Urban Local
4840715,Urban Local
4840725,Urban Local
4840726,Urban Local
4840734,Urban Local
4840736,Urban Local
4840737,Urban Local
4840740,Urban Local
4840741,Urban Local
4840742,Urban Local
4840743,Urban Local
4840746,Urban Local
4840750,Urban Local
4840751,Urban Local
4840753,Urban Local
4840754,Rural Major Collector
4840755,Urban Local
4840756,Urban Local
4840757,Urban Local
4840758,Urban Local
4840759,Urban Local
4840760,Urban Local
4840761,Urban Minor Arterial
4840762,Urban Local
4840765,Urban Local
4840766,Urban Local
4840767,Urban Local
4840768,Urban Local
4840769,Urban Local
4840770,Urban Local
4840771,Urban Local
4840777,Urban Local
4840778,Urban Local
4840779,Urban Local
4840780,Urban Local
4840789,Urban Local
4840791,Urban Local
4840792,Urban Local
4840793,Urban Local
4840794,Urban Local
4840796,Urban Local
4840798,Urban Local
4840807,Urban Local
4840808,Urban Local
4840812,Urban Local
4840817,Urban Local
4840820,Urban Local
4840823,Urban Local
4840824,Urban Local
4840826,Urban Local
4840827,Urban Local
4840832,Urban Minor Arterial
4840833,Urban Local
4840835,Urban Local
4840836,Urban Local
4840838,Urban Local
4840839,Urban Local
4840842,Urban Local
4840843,Urban Local
4840844,Urban Collector
4840847,Urban Local
4840848,Rural Local
4840849,Rural Major Collector
4840850,Urban Collector
4840851,Urban Local
4840852,Urban Local
4840853,Urban Local
4840854,Urban Local
4840861,Urban Local
4840862,Urban Local
4840863,Urban Local
4840864,Urban Collector
4840866,Rural Local
4840868,Rural Major Collector
4840869,Urban Local
4840870,Urban Local
4840871,Urban Local
4840872,Urban Local
4840873,Urban Local
4840874,Urban Local
4840875,Urban Local
4840876,Urban Local
4840881,Urban Local
4840882,Urban Local
4840883,Urban Collector
4840888,Urban Local
4840893,Urban Other Connecting Link Principal Arterial
4840901,Urban Other Connecting Link Principal Arterial
4840905,Urban Other Connecting Link Principal Arterial
4840909,Urban Minor Arterial
4840910,Urban Minor Arterial
4840913,Urban Minor Arterial
4840914,Urban Minor Arterial
4840915,Urban Local
4840918,Urban Minor Arterial
4840919,Urban Local
4840920,Urban Minor Arterial
4840921,Urban Local
4840922,Urban Minor Arterial
4840923,Urban Minor Arterial
4840926,Urban Collector
4840930,Urban Other Connecting Link Principal Arterial
4840951,Urban Other Connecting Link Principal Arterial
4840952,Urban Local
4840958,Urban Collector
4840961,Urban Local
4840966,Urban Local
4840967,Urban Local
4840972,Urban Other Connecting Link Principal Arterial
4840973,Urban Local
4840974,Urban Local
4840984,Urban Local
4840985,Urban Other Connecting Link Principal Arterial
4840988,Urban Other Connecting Link Principal Arterial
4840989,Urban Local
4840996,Urban Local
4840997,Urban Local
4840998,Urban Local
4841002,Urban Local
4841020,Urban Local
4841021,Urban Local
4841026,Urban Local
4841030,Urban Other Connecting Link Principal Arterial
4841031,Urban Local
4841032,Urban Collector
4841036,Urban Local
4841038,Urban Local
4841039,Urban Local
4841041,Urban Local
4841042,Urban Local
4841044,Urban Local
4841045,Urban Local
4841060,Urban Local
4841061,Urban Local
4841063,Rural Local
4841076,Urban Local
4841077,Urban Local
4841078,Urban Local
4841080,Urban Local
4841084,Urban Local
4841093,Urban Local
4841098,Urban Local
4841099,Urban Local
4841100,Urban Local
4841109,Urban Local
4841110,Urban Local
4841111,Urban Local
4841116,Urban Local
4841128,Urban Local
4841129,Urban Local
4841130,Urban Local
4841131,Urban Local
4841133,Urban Local
4841134,Urban Local
4841137,Urban Local
4841140,Rural Local
4841143,Rural Local
4841144,Rural Local
4841148,Rural Local
4841150,Urban Local
4841153,Urban Local
4841161,Urban Local
4841162,Urban Local
4841184,Urban Local
4841185,Urban Local
4841202,Urban Collector
4841203,Urban Local
4841207,Urban Local
4841209,Urban Local
4841223,Urban Other Connecting Link Principal Arterial
4841227,Urban Local
4841236,Urban Local
4841237,Urban Local
4841238,Urban Collector
4841241,Urban Collector
4841242,Urban Local
4841243,Urban Local
4841244,Urban Local
4841250,Urban Collector
4841251,Urban Local
4841252,Urban Local
4841254,Urban Local
4841255,Urban Collector
4841257,Urban Collector
4841258,Urban Collector
4841259,Urban Collector
4841260,Urban Local
4841261,Urban Local
4841262,Urban Other Connecting Link Principal Arterial
4841263,Urban Local
4841264,Urban Local
4841265,Urban Collector
4841266,Urban Collector
4841288,Urban Local
4841290,Urban Local
4841294,Urban Local
4841295,Urban Local
4841311,Rural Local
4841315,Urban Other Connecting Link Principal Arterial
4841320,Urban Local
4841329,Urban Local
4841333,Urban Local
4841334,Urban Local
4841348,Urban Local
4841350,Urban Local
4841355,Urban Other Connecting Link Principal Arterial
4841358,Urban Other Connecting Link Principal Arterial
4841362,Urban Other Connecting Link Principal Arterial
4841363,Urban Other Connecting Link Principal Arterial
4841416,Urban Local
4841417,Urban Local
4841419,Urban Other Connecting Link Principal Arterial
4841420,Urban Local
4841436,Urban Collector
4841443,Urban Local
4841461,Urban Local
4841462,Urban Local
4841469,Urban Minor Arterial
4841470,Urban Local
4841472,Urban Local
4841476,Urban Collector
4841477,Urban Local
4841481,Urban Local
4841482,Urban Local
4841520,Urban Local
4841521,Urban Local
4841522,Urban Local
4841523,Urban Minor Arterial
4841525,Urban Collector
4841527,Rural Local
4841534,Urban Local
4841535,Urban Local
4841538,Rural Local
4841539,Rural Local
4841566,Urban Other Connecting Link Principal Arterial
4841575,Urban Collector
4841579,Urban Collector
4841580,Urban Collector
4841582,Urban Local
4841583,Urban Collector
4841584,Urban Collector
4841586,Urban Collector
4841587,Urban Collector
4841588,Urban Local
4841589,Urban Collector
4841590,Urban Collector
4841597,Urban Minor Arterial
4841632,Urban Local
4841633,Urban Local
4841637,Urban Local
4841638,Urban Collector
4841640,Urban Local
4841641,Urban Local
4841642,Urban Local
4841643,Urban Local
4841648,Urban Local
4841651,Urban Local
4841652,Urban Local
4841653,Urban Minor Arterial
4841658,Urban Local
4841659,Urban Local
4841661,Urban Local
4841692,Urban Local
4841696,Urban Collector
4841701,Urban Local
4841703,Urban Local
4841704,Urban Collector
4841705,Urban Local
4841712,Urban Local
4841713,Urban Local
4841714,Urban Local
4841715,Urban Local
4841716,Urban Local
4841717,Urban Local
4841719,Urban Local
4841720,Urban Local
4841722,Urban Local
4841723,Urban Minor Arterial
4841734,Urban Collector
4841735,Urban Local
4841761,Rural Local
4841769,Rural Minor Arterial
4841785,Urban Local
4841786,Urban Local
4841788,Urban Other Connecting Link Principal Arterial
4841789,Urban Collector
4841790,Urban Other Connecting Link Principal Arterial
4841791,Urban Other Connecting Link Principal Arterial
4841792,Urban Other Connecting Link Principal Arterial
4841793,Urban Local
4841796,Urban Other Connecting Link Principal Arterial
4841797,Urban Local
4841805,Rural Local
4841808,Urban Other Connecting Link Principal Arterial
4841809,Urban Minor Arterial
4841812,Urban Other Connecting Link Principal Arterial
4841813,Urban Other Connecting Link Principal Arterial
4841838,Urban Minor Arterial
4841849,Urban Other Connecting Link Principal Arterial
4841850,Urban Collector
4841853,Urban Collector
4841857,Urban Local
4841858,Urban Local
4841863,Urban Minor Arterial
4841866,Urban Collector
4841867,Urban Other Connecting Link Principal Arterial
4841870,Urban Local
4841871,Urban Collector
4841873,Urban Collector
4841874,Urban Local
4841877,Urban Collector
4841878,Urban Local
4841879,Urban Collector
4841880,Urban Collector
4841883,Urban Collector
4841884,Urban Local
4841919,Urban Local
4841920,Urban Local
4841929,Urban Other Connecting Link Principal Arterial
4841934,Urban Local
4841936,Urban Local
4841937,Urban Local
4841938,Urban Minor Arterial
4841941,Urban Other Connecting Link Principal Arterial
4841942,Urban Local
4841944,Urban Local
4841953,Urban Local
4841956,Urban Local
4841957,Urban Local
4841963,Urban Local
4841964,Urban Local
4841965,Urban Local
4841966,Urban Local
4841967,Urban Local
4841979,Rural Local
4841982,Urban Local
4841994,Urban Local
4841995,Urban Local
4841997,Urban Local
4841998,Urban Local
4842003,Urban Collector
4842004,Urban Collector
4842006,Urban Local
4842007,Urban Other Connecting Link Principal Arterial
4842054,Urban Local
4842055,Urban Local
4842063,Urban Local
4842094,Urban Other Connecting Link Principal Arterial
4842098,Urban Local
4842099,Urban Local
4842100,Urban Local
4842101,Urban Local
4842102,Urban Local
4842109,Urban Local
4842110,Urban Minor Arterial
4842117,Urban Local
4842118,Urban Local
4842119,Urban Local
4842123,Urban Local
4842124,Urban Local
4842131,Urban Local
4842132,Urban Local
4842142,Urban Local
4842172,Urban Local
4842177,Urban Minor Arterial
4842186,Urban Collector
4842187,Urban Local
4842188,Urban Local
4842190,Urban Other Connecting Link Principal Arterial
4842195,Urban Local
4842207,Urban Local
4842212,Urban Local
4842213,Urban Local
4842225,Urban Collector
4842245,Rural Local
4842258,Urban Local
4842259,Urban Local
4842262,Urban Collector
4842281,Urban Local
4842282,Urban Local
4842285,Urban Local
4842288,Urban Local
4842289,Urban Local
4842291,Urban Local
4842301,Urban Local
4842302,Urban Local
4842321,Urban Local
4842322,Urban Local
4842323,Rural Local
4842339,Rural Local
4842359,Urban Local
4842360,Urban Minor Arterial
4842361,Urban Local
4842362,Urban Local
4842368,Urban Local
4842382,Urban Local
4842396,Urban Collector
4842399,Urban Local
4842400,Urban Collector
4842401,Urban Collector
4842402,Urban Local
4842403,Urban Local
4842404,Urban Local
4842405,Rural Local
4842406,Urban Minor Arterial
4842407,Urban Local
4842408,Urban Minor Arterial
4842418,Urban Local
4842421,Urban Local
4842427,Urban Local
4842440,Rural Local
4842445,Urban Local
4842446,Urban Other Connecting Link Principal Arterial
4842456,Rural Local
4842486,Urban Collector
4842489,Urban Collector
4842492,Urban Local
4842493,Urban Collector
4842494,Rural Local
4842498,Rural Local
4842513,Urban Local
4842514,Urban Local
4842542,Urban Local
4842543,Urban Collector
4842551,Urban Local
4842563,Urban Collector
4842567,Urban Local
4842573,Urban Local
4842574,Urban Local
4842575,Urban Collector
4842578,Urban Collector
4842592,Urban Collector
4842593,Urban Collector
4842594,Urban Collector
4842595,Urban Local
4842599,Urban Minor Arterial
4842600,Urban Local
4842609,Urban Local
4842610,Urban Collector
4842619,Urban Local
4842638,Urban Collector
4842653,Urban Collector
4842654,Urban Local
4842655,Urban Local
4842660,Urban Local
4842661,Urban Local
4842662,Urban Collector
4842663,Urban Local
4842666,Urban Local
4842673,Urban Local
4842676,Urban Local
4842699,Rural Local
4842702,Rural Local
4842706,Urban Local
4842709,Urban Local
4842710,Urban Local
4842725,Urban Collector
4842726,Urban Local
4842727,Urban Local
4842730,Urban Collector
4842733,Urban Local
4842734,Urban Local
4842742,Urban Local
4842745,Urban Local
4842746,Urban Collector
4842747,Urban Local
4842748,Urban Local
4842753,Urban Local
4842760,Urban Local
4842773,Urban Local
4842776,Urban Collector
4842781,Urban Local
4842782,Urban Collector
4842783,Urban Local
4842796,Urban Local
4842799,Urban Local
4842802,Urban Local
4842803,Urban Local
4842804,Urban Local
4842810,Urban Local
4842813,Urban Local
4842815,Urban Minor Arterial
4842823,Urban Local
4842826,Urban Collector
4842827,Urban Local
4842848,Urban Local
4842849,Urban Local
4842852,Urban Collector
4842853,Urban Local
4842901,Urban Minor Arterial
4842910,Urban Local
4842911,Urban Local
4842912,Urban Collector
4842913,Urban Collector
4842914,Urban Local
4842934,Urban Collector
4842935,Urban Local
4842942,Urban Local
4842943,Urban Local
4842955,Urban Collector
4843002,Rural Local
4843016,Urban Other Connecting Link Principal Arterial
4843021,Urban Collector
4843024,Urban Local
4843047,Rural Local
4843050,Urban Local
4843114,Rural Local
4843158,Rural Local
4843236,Rural Local
4843239,Rural Local
4843296,Rural Local
4843509,Rural Local
4843524,Rural Local
4843593,Rural Local
4843594,Urban Collector
4843595,Rural Local
4843598,Urban Collector
4843602,Urban Collector
4843606,Urban Minor Arterial
4843614,Urban Collector
4843619,Urban Minor Arterial
4843783,Urban Local
4843836,Urban Local
4843890,Urban Local
4843915,Urban Local
4843936,Rural Local
4843976,Rural Local
4844021,Rural Local
4844040,Urban Local
4844110,Urban Local
4844116,Urban Local
4844151,Urban Local
4844152,Urban Local
4844178,Urban Local
4844202,Urban Local
4844203,Urban Local
4844282,Urban Local
4844283,Urban Collector
4844307,Urban Local
4844399,Rural Minor Arterial
4844400,Rural Local
4844995,Urban Local
4844996,Urban Local
4845107,Urban Local
4845115,Urban Local
4845118,Urban Local
4845119,Urban Local
4845125,Rural Local
4845126,Rural Local
4845136,Urban Local
4845149,Rural Minor Arterial
4845224,Rural Local
4845225,Rural Major Collector
4845243,Urban Local
4845303,Urban Local
4845305,Urban Local
4845308,Urban Collector
4845394,Urban Local
4845464,Urban Local
4845465,Urban Local
4845495,Urban Local
4845510,Urban Local
4845511,Urban Local
4845635,Urban Local
4845647,Urban Local
4845648,Urban Local
4845730,Urban Local
4845772,Urban Local
4845776,Urban Local
4845784,Urban Local
4845785,Urban Local
4845786,Urban Local
4845789,Rural Minor Arterial
4845790,Rural Local
4845825,Urban Local
4845826,Urban Local
4845831,Urban Local
4845872,Urban Local
4845873,Urban Local
4845886,Urban Local
4845903,Urban Local
4845904,Urban Local
4845911,Urban Local
4845912,Urban Collector
4845928,Urban Local
4845937,Urban Local
4845994,Urban Local
4845995,Urban Local
4846013,Urban Local
4846061,Urban Local
4846063,Urban Local
4846068,Urban Local
4846109,Urban Local
4846121,Urban Local
4846178,Urban Local
4846249,Rural Local
4846252,Rural Local
4846265,Rural Local
4846266,Urban Local
4846268,Urban Local
4846269,Urban Local
4846271,Urban Local
4846292,Rural Local
4846293,Rural Minor Arterial
4846294,Rural Local
4846329,Urban Collector
4846330,Rural Local
4846331,Rural Local
4846363,Rural Local
4846364,Rural Local
4846427,Rural Local
4846435,Rural Local
4846437,Rural Local
4846446,Rural Local
4846457,Rural Local
4846499,Rural Local
4846502,Rural Local
4846545,Rural Local
4846549,Rural Local
4846558,Rural Local
4846576,Rural Local
4846578,Rural Local
4846581,Rural Local
4846682,Rural Local
4846711,Rural Local
4846714,Rural Local
4846879,Rural Local
4846881,Rural Local
4846933,Rural Minor Arterial
4846947,Rural Local
4847034,Rural Minor Arterial
4847035,Rural Local
4847056,Rural Local
4847092,Rural Local
4847636,Rural Local
4848720,Urban Minor Arterial
4848721,Urban Minor Arterial
4848722,Urban Minor Arterial
4848723,Urban Minor Arterial
4848802,Rural Local
4848803,Rural Local
4848804,Rural Local
4848805,Rural Local
4848806,Rural Local
4848807,Rural Local
4848808,Rural Local
4848809,Rural Local
4848810,Rural Local
4848811,Rural Local
4848812,Rural Major Collector
4848813,Rural Local
4848814,Rural Major Collector
4848815,Rural Local
4848816,Rural Major Collector
4848817,Rural Major Collector
4848818,Rural Local
4848819,Rural Major Collector
4848820,Rural Major Collector
4848821,Rural Local
4848822,Rural Local
4848823,Rural Local
4848824,Rural Local
4848826,Rural Local
4848827,Rural Local
4848828,Rural Local
4848829,Rural Local
4848830,Rural Minor Arterial
4848831,Rural Minor Arterial
4848834,Rural Local
4848838,Rural Local
4848839,Rural Local
4848840,Rural Local
4848841,Rural Local
4848842,Rural Local
4848843,Rural Local
4848844,Rural Local
4848922,Rural Local
4849498,Urban Local
4849499,Urban Local
4849500,Urban Local
4849506,Urban Local
4849507,Urban Local
4849510,Urban Local
4849511,Urban Other Connecting Link Principal Arterial
4849515,Urban Collector
4849516,Urban Collector
4849517,Urban Collector
4849518,Urban Minor Arterial
4849520,Urban Other Connecting Link Principal Arterial
4849521,Urban Local
4849522,Urban Minor Arterial
4849523,Urban Minor Arterial
4849526,Urban Collector
4849530,Urban Local
4849531,Urban Local
4849532,Urban Local
4849533,Urban Local
4849534,Urban Local
4849535,Urban Local
4849536,Urban Collector
4849537,Urban Collector
4849538,Urban Local
4849539,Urban Local
4849540,Urban Local
4849541,Urban Local
4849544,Urban Local
4849545,Urban Local
4849546,Urban Local
4849547,Urban Local
4849548,Urban Local
4849549,Urban Local
4849550,Urban Local
4849551,Urban Local
4849552,Urban Local
4849553,Urban Local
4849554,Urban Local
4850615,Urban Local
4850616,Urban Local
4850718,Urban Collector
4850719,Urban Collector
4850723,Urban Minor Arterial
4850725,Rural Local
4850726,Urban Local
4850727,Urban Local
4850728,Urban Local
4850732,Urban Minor Arterial
4850733,Urban Local
4850734,Urban Local
4850735,Urban Local
4850736,Urban Local
4850737,Urban Local
4850738,Urban Local
4850739,Urban Minor Arterial
4850741,Urban Local
4850742,Urban Local
4850743,Urban Local
4850744,Urban Local
4850745,Urban Local
4850749,Urban Local
4850751,Urban Local
4850755,Urban Local
4850756,Urban Local
4850757,Urban Local
4850758,Urban Collector
4850759,Urban Collector
4850760,Urban Local
4850761,Urban Local
4850762,Urban Local
4850763,Urban Local
4850765,Urban Local
4850766,Urban Local
4850767,Urban Local
4850768,Urban Local
4850771,Urban Local
4850772,Urban Local
4850773,Urban Local
4850774,Urban Local
4850777,Urban Local
4850778,Urban Local
4850779,Urban Local
4850780,Urban Local
4850781,Urban Local
4850782,Urban Local
4850789,Rural Local
4850790,Rural Local
4850791,Rural Local
4850792,Rural Local
4850793,Rural Local
4850794,Rural Local
4850795,Rural Local
4850796,Rural Local
4850797,Rural Local
4850798,Rural Local
4850799,Rural Local
4850800,Rural Local
4850801,Rural Local
4850803,Rural Local
4850804,Rural Local
4850806,Rural Local
4850811,Rural Local
4850812,Rural Local
4850813,Rural Minor Collector
4850814,Rural Minor Collector
4850816,Urban Local
4850817,Rural Local
4850819,Urban Local
4850931,Urban Local
4850932,Urban Local
4850933,Urban Local
4850934,Urban Local
4850936,Urban Local
4850937,Urban Local
4850938,Urban Local
4850939,Urban Local
4850940,Urban Local
4850942,Urban Local
4850944,Urban Local
4850945,Urban Local
4850946,Urban Local
4850947,Urban Local
4850948,Urban Local
4850949,Urban Local
4850950,Urban Local
4850951,Urban Local
4850952,Urban Local
4850953,Urban Local
4850955,Urban Local
4850957,Urban Local
4851136,Urban Local
4851137,Urban Local
4851138,Urban Other Connecting Link Principal Arterial
4851139,Urban Collector
4851141,Urban Local
4851144,Urban Collector
4851145,Urban Collector
4851147,Urban Collector
4851148,Urban Collector
4851150,Urban Local
4851151,Urban Local
4851152,Urban Local
4851156,Urban Local
4851157,Urban Local
4851158,Urban Local
4851159,Urban Local
4851160,Urban Local
4851161,Urban Local
4851162,Urban Local
4851163,Urban Collector
4851164,Urban Collector
4851165,Urban Local
4851166,Urban Local
4851167,Urban Collector
4851168,Urban Collector
4851369,Urban Local
4851779,Rural Local
4851781,Urban Local
4851782,Urban Local
4851783,Urban Local
4851784,Urban Local
4851785,Urban Local
4851786,Urban Local
4851787,Urban Local
4851789,Urban Local
4851793,Urban Collector
4851794,Urban Collector
4851795,Urban Local
4851796,Urban Local
4851797,Urban Local
4851814,Urban Local
4851815,Urban Local
4851817,Rural Major Collector
4851818,Urban Local
4851819,Rural Major Collector
4851820,Rural Major Collector
4851823,Urban Local
4851824,Rural Local
4851826,Urban Local
4851827,Urban Local
4851828,Urban Local
4851829,Urban Local
4851830,Urban Local
4851831,Urban Local
4851860,Urban Local
4851867,Urban Collector
4851869,Urban Collector
4851872,Urban Minor Arterial
4851873,Urban Local
4851874,Urban Collector
4851965,Urban Collector
4851966,Urban Collector
4851982,Urban Local
4851984,Urban Local
4851985,Urban Local
4851986,Urban Local
4851987,Urban Local
4851988,Urban Local
4851989,Urban Local
4851990,Urban Local
4851991,Urban Local
4851992,Urban Local
4851993,Urban Local
4851994,Urban Local
4851995,Urban Local
4851996,Urban Local
4851998,Urban Local
4851999,Urban Local
4852000,Urban Local
4852001,Urban Other Connecting Link Principal Arterial
4852002,Urban Other Connecting Link Principal Arterial
4852003,Urban Local
4852016,Urban Local
4852017,Urban Other Connecting Link Principal Arterial
4852020,Urban Other Connecting Link Principal Arterial
4852021,Urban Local
4852029,Urban Local
4852035,Urban Local
4852044,Urban Local
4852048,Urban Local
4852049,Urban Local
4852050,Urban Local
4852055,Urban Collector
4852056,Urban Collector
4852057,Urban Local
4852058,Urban Local
4852059,Urban Local
4852064,Urban Local
4852066,Urban Local
4852201,Urban Minor Arterial
4852203,Urban Minor Arterial
4852204,Rural Local
4852215,Rural Local
4852216,Rural Local
4852235,Rural Local
4852236,Rural Local
4852252,Rural Major Collector
4852258,Rural Local
4852343,Rural Minor Arterial
4852428,Rural Local
4857232,Rural Local
4857235,Rural Local
4857389,Rural Local
4858290,Urban Minor Arterial
4858336,Urban Local
4858338,Urban Local
4858385,Rural Local
4858423,Urban Local
4858426,Urban Local
4858609,Urban Local
4858611,Urban Local
4858653,Urban Local
4858657,Rural Local
4874602,Rural Local
4874603,Rural Local
4874604,Rural Local
4874605,Rural Local
4876806,Urban Other Connecting Link Principal Arterial
4876807,Urban Other Connecting Link Principal Arterial
4876808,Urban Other Connecting Link Principal Arterial
4876809,Urban Other Connecting Link Principal Arterial
4876896,Urban Local
4876897,Urban Local
4876898,Urban Local
4876899,Urban Local
4876902,Urban Local
4876905,Urban Local
4876938,Urban Local
4876939,Urban Local
4876944,Urban Local
4876945,Urban Local
4876948,Urban Local
4876949,Urban Local
4876950,Urban Local
4876951,Urban Local
4876952,Urban Local
4876953,Urban Local
4876954,Urban Local
4876955,Urban Local
4876956,Urban Local
4876957,Urban Local
4884538,Urban Local
4884539,Urban Local
4884540,Urban Local
4884541,Urban Local
4884604,Urban Local
4884605,Urban Local
4884607,Urban Local
4884608,Urban Local
4884625,Urban Local
4884626,Urban Local
4884627,Urban Local
4884628,Urban Local
4884629,Urban Local
4884630,Urban Local
4884663,Urban Minor Arterial
4884664,Urban Minor Arterial
4884665,Urban Minor Arterial
4884666,Urban Minor Arterial
4884667,Urban Local
4884668,Urban Local
4884669,Urban Local
4884670,Urban Local
4884687,Urban Local
4884688,Urban Local
4884691,Urban Local
4884692,Urban Local
4884693,Urban Local
4884694,Urban Local
4884697,Urban Local
4884698,Urban Local
4884699,Urban Local
4884700,Urban Local
4884701,Urban Local
4884702,Urban Local
4884707,Urban Local
4884709,Urban Local
4884711,Urban Local
4884712,Urban Local
4884715,Urban Local
4884716,Urban Local
4884772,Urban Local
4884774,Urban Local
4884776,Urban Local
4884778,Rural Local
4884785,Urban Local
4884786,Urban Local
4884787,Urban Local
4884788,Urban Local
4884793,Urban Local
4884794,Urban Local
4884806,Urban Local
4884808,Urban Local
4885626,Urban Collector
4885627,Urban Collector
4885641,Urban Collector
4885642,Urban Collector
4885643,Urban Collector
4885644,Urban Collector
4885647,Urban Collector
4885648,Urban Collector
4885651,Urban Collector
4885652,Urban Collector
4885653,Urban Collector
4885654,Urban Collector
4885655,Urban Local
4885656,Urban Local
4885680,Urban Local
4885682,Urban Local
4886866,Urban Collector
4886867,Urban Collector
5009928,Rural Minor Arterial
5009929,Rural Minor Arterial
5009930,Rural Minor Arterial
5009931,Rural Minor Arterial
5009932,Rural Local
5009933,Rural Local
5013386,Urban Local
5013387,Urban Local
5015965,Urban Collector
5015966,Urban Collector
5015975,Urban Collector
5015976,Urban Collector
5015977,Urban Local
5015978,Urban Local
5015981,Urban Local
5015982,Urban Local
5015983,Urban Local
5015984,Urban Local
5015991,Urban Collector
5015992,Urban Collector
5015995,Urban Collector
5015996,Urban Collector
5015997,Urban Local
5015998,Urban Local
5016005,Urban Collector
5016006,Urban Collector
5016011,Urban Local
5016012,Urban Local
5016013,Urban Local
5016014,Urban Local
5016019,Urban Local
5016020,Urban Local
5016023,Urban Local
5016024,Urban Local
5016025,Urban Local
5016026,Urban Local
5016027,Urban Local
5016028,Urban Local
5016031,Urban Local
5016032,Urban Local
5016033,Urban Local
5016034,Urban Local
5016035,Urban Local
5016036,Urban Local
5016037,Urban Local
5016038,Urban Local
5016039,Urban Local
5016040,Urban Local
5016041,Urban Local
5016042,Urban Local
5016045,Urban Local
5016046,Urban Local
5016049,Urban Local
5016050,Urban Local
5016051,Urban Local
5016052,Urban Local
5016249,Urban Local
5016250,Urban Local
5016273,Urban Local
5016274,Urban Local
5016277,Urban Local
5016278,Urban Local
5016279,Urban Local
5016280,Urban Local
5016283,Urban Local
5016284,Urban Local
5016285,Urban Local
5016286,Urban Local
5016293,Urban Local
5016294,Urban Local
5016295,Urban Local
5016296,Urban Local
5016333,Urban Local
5016336,Urban Local
5016337,Urban Local
5016338,Urban Local
5016349,Urban Local
5016350,Urban Local
5016351,Urban Local
5016352,Urban Local
5016353,Urban Local
5016354,Urban Local
5016355,Urban Collector
5016358,Urban Collector
5016359,Urban Local
5016360,Urban Local
5016361,Urban Local
5016362,Urban Local
5016365,Urban Local
5016366,Urban Local
5016379,Urban Local
5016380,Urban Local
5016905,Urban Collector
5016906,Urban Collector
5027988,Urban Local
5027989,Urban Local
5027996,Urban Local
5027997,Urban Local
5027998,Urban Local
5027999,Urban Local
5028000,Urban Local
5028001,Urban Local
5028002,Urban Local
5028003,Urban Local
5028004,Urban Local
5028005,Urban Local
5028006,Urban Local
5028007,Urban Local
5028008,Urban Local
5028009,Urban Local
5028010,Urban Local
5028011,Urban Local
5028012,Urban Local
5028013,Urban Local
5032284,Rural Local
5032285,Rural Local
5032286,Rural Local
5032287,Rural Local
5035654,Urban Local
5035655,Urban Local
5035680,Urban Local
5035681,Urban Local
5035712,Urban Local
5035713,Urban Local
5035753,Urban Local
5035754,Urban Local
5035756,Urban Local
5035757,Urban Local
5036164,Urban Minor Arterial
5036165,Urban Minor Arterial
5036166,Urban Minor Arterial
5036167,Urban Minor Arterial
5036588,Urban Local
5036589,Urban Local
5036590,Urban Local
5036591,Urban Local
5036592,Urban Local
5036593,Urban Local
5036608,Urban Local
5036609,Urban Local
5036610,Urban Local
5036611,Urban Local
5036612,Urban Local
5036613,Urban Local
5036618,Urban Local
5036619,Urban Local
5036626,Urban Local
5036627,Urban Local
5036636,Urban Local
5036637,Urban Local
5036642,Urban Local
5036643,Urban Local
5036650,Urban Local
5036651,Urban Local
5036652,Urban Local
5036653,Urban Local
5036686,Urban Local
5036687,Urban Local
5036714,Urban Local
5036715,Urban Local
5036720,Urban Minor Arterial
5036721,Urban Minor Arterial
5036722,Urban Minor Arterial
5036723,Urban Minor Arterial
5036724,Urban Minor Arterial
5036725,Urban Minor Arterial
5038688,Urban Local
5038689,Urban Local
5038708,Urban Local
5038709,Urban Local
5038710,Urban Local
5038711,Urban Local
5038712,Urban Local
5038713,Urban Local
5038722,Urban Local
5038723,Urban Local
5038732,Urban Local
5038733,Urban Local
5038736,Urban Local
5038737,Urban Local
5040836,Urban Local
5040837,Urban Local
5040838,Urban Collector
5040839,Urban Collector
5049296,Urban Local
5049297,Urban Local
5049298,Urban Local
5049299,Urban Local
5049306,Urban Local
5049307,Urban Local
5049320,Urban Local
5049321,Urban Local
5049322,Urban Local
5049323,Urban Local
5049324,Urban Local
5049325,Urban Local
5049326,Urban Collector
5049329,Urban Collector
5049334,Urban Local
5049335,Urban Local
5061075,Urban Local
5061076,Urban Local
5061077,Urban Local
5061078,Urban Local
5061129,Urban Local
5061130,Urban Local
5061131,Urban Local
5061132,Urban Local
5063869,Urban Collector
5063870,Urban Collector
5063950,Urban Collector
5063951,Urban Collector
5063952,Urban Local
5063953,Urban Local
5064004,Urban Local
5064005,Urban Local
5064028,Rural Local
5064029,Rural Local
5064055,Urban Local
5064056,Urban Local
5064071,Urban Collector
5064072,Urban Collector
5064102,Urban Local
5064103,Urban Local
5064114,Urban Local
5064115,Urban Local
5064179,Urban Local
5064180,Urban Local
5064245,Urban Other Connecting Link Principal Arterial
5064246,Urban Other Connecting Link Principal Arterial
5064362,Rural Local
5064363,Rural Local
5064426,Urban Local
5064427,Urban Local
5064444,Urban Other Connecting Link Principal Arterial
5064445,Urban Other Connecting Link Principal Arterial
5064458,Urban Collector
5064459,Urban Collector
5064487,Urban Other Connecting Link Principal Arterial
5064488,Urban Other Connecting Link Principal Arterial
5064493,Urban Other Connecting Link Principal Arterial
5064494,Urban Other Connecting Link Principal Arterial
5064567,Urban Local
5064568,Urban Local
5064615,Urban Local
5064616,Urban Local
5064635,Rural Local
5064636,Rural Local
5064637,Urban Local
5064638,Urban Local
5064728,Urban Local
5064729,Urban Local
5064764,Urban Local
5064765,Urban Local
5064819,Urban Collector
5064820,Urban Collector
5064875,Urban Local
5064876,Urban Local
5064925,Urban Other Connecting Link Principal Arterial
5064926,Urban Other Connecting Link Principal Arterial
5064986,Urban Local
5064987,Urban Local
5077160,Urban Local
5077161,Urban Local
5077162,Urban Local
5077163,Urban Local
5077164,Urban Local
5077165,Urban Local
5077166,Urban Local
5077167,Urban Local
5077168,Urban Local
5077169,Urban Local
5077170,Urban Local
5077171,Urban Local
5077172,Urban Local
5077173,Urban Local
5077176,Urban Local
5077177,Urban Local
5077178,Urban Local
5077179,Urban Local
5084388,Urban Other Connecting Link Principal Arterial
5084389,Urban Other Connecting Link Principal Arterial
5091458,Urban Other Connecting Link Principal Arterial
5091459,Urban Other Connecting Link Principal Arterial
5091460,Urban Other Connecting Link Principal Arterial
5091461,Urban Other Connecting Link Principal Arterial
5091462,Urban Local
5091463,Urban Local
5091482,Rural Local
5091483,Rural Local
5091484,Rural Local
5091485,Rural Local
5091494,Rural Local
5091495,Rural Local
5091498,Urban Local
5091499,Urban Local
5091550,Urban Local
5091551,Urban Local
5091552,Urban Local
5091553,Urban Local
5091568,Urban Local
5091569,Urban Local
5091570,Urban Local
5091571,Urban Local
5091572,Urban Collector
5091573,Urban Collector
5091574,Urban Collector
5091575,Urban Collector
5091576,Urban Local
5091577,Urban Local
5092939,Urban Local
5092940,Urban Local
5092941,Urban Local
5092942,Urban Local
5092963,Urban Local
5092964,Urban Local
5093009,Urban Collector
5093010,Urban Collector
5093011,Urban Collector
5093012,Urban Collector
5098599,Urban Other Connecting Link Principal Arterial
5098600,Urban Other Connecting Link Principal Arterial
5098637,Urban Collector
5098638,Urban Collector
5098640,Urban Minor Arterial
5098641,Urban Minor Arterial
5098646,Urban Minor Arterial
5098647,Urban Minor Arterial
5098668,Urban Local
5098669,Urban Local
5098673,Urban Local
5098676,Rural Local
5098683,Urban Local
5098684,Urban Local
5098691,Urban Minor Arterial
5098692,Urban Other Connecting Link Principal Arterial
5098693,Urban Other Connecting Link Principal Arterial
5098694,Urban Minor Arterial
5098703,Urban Local
5098706,Urban Local
5099314,Rural Local
5099315,Rural Local
5099316,Urban Local
5099317,Urban Local
5099318,Urban Local
5099319,Urban Local
5099322,Urban Local
5099323,Urban Local
5100562,Urban Local
5100563,Urban Local
5110727,Urban Local
5110730,Urban Local
5110731,Urban Local
5110732,Urban Local
5110735,Rural Local
5110736,Rural Local
5110737,Rural Local
5110738,Rural Local
5110798,Urban Local
5114618,Urban Local
5114619,Urban Local
5114644,Rural Local
5114645,Rural Local
5118900,Urban Collector
5118901,Urban Collector
5120282,Urban Minor Arterial
5120283,Urban Minor Arterial
5120284,Urban Minor Arterial
5120285,Urban Minor Arterial
5120288,Urban Collector
5120289,Urban Collector
5120290,Urban Collector
5120291,Urban Collector
5121374,Urban Collector
5121375,Urban Collector
5121648,Urban Collector
5121649,Urban Collector
5125996,Urban Local
5125997,Urban Local
5125998,Urban Local
5125999,Urban Local
5126000,Urban Local
5126001,Urban Local
5126002,Urban Local
5126003,Urban Local
5126004,Urban Local
5126005,Urban Local
5126006,Urban Local
5126007,Urban Local
5126008,Urban Local
5126009,Urban Local
5127879,Urban Local
5127880,Urban Local
5132822,Urban Local
5132823,Urban Local
5132846,Urban Local
5132847,Urban Local
5132862,Urban Local
5132863,Urban Local
5132960,Urban Local
5132961,Urban Local
5132982,Urban Local
5132983,Urban Local
5133006,Urban Local
5133007,Urban Local
5133008,Urban Local
5133009,Urban Local
5133010,Urban Local
5133011,Urban Local
5133012,Urban Local
5133013,Urban Local
5133014,Urban Collector
5133015,Urban Collector
5133016,Urban Collector
5133017,Urban Collector
5134897,Urban Collector
5134898,Urban Collector
5139942,Urban Local
5139943,Urban Local
5139946,Urban Local
5139947,Urban Local
5139948,Urban Minor Arterial
5139949,Urban Minor Arterial
5139950,Urban Local
5139951,Urban Local
5139972,Urban Local
5139973,Urban Local
5140022,Urban Local
5140023,Urban Local
5140104,Urban Local
5140105,Urban Local
5140106,Urban Local
5140107,Urban Local
5140122,Urban Local
5140123,Urban Local
5140124,Urban Local
5140125,Urban Local
5140202,Rural Local
5140203,Rural Local
5140208,Rural Local
5140209,Rural Local
5143282,Urban Local
5143283,Urban Local
5143284,Urban Local
5143285,Urban Local
5143286,Urban Local
5143287,Urban Local
5147024,Urban Minor Arterial
5147025,Urban Minor Arterial
5147026,Urban Minor Arterial
5147027,Urban Minor Arterial
5147262,Urban Local
5147263,Urban Local
5147264,Urban Local
5147265,Urban Local
5147268,Urban Local
5147269,Urban Local
5147882,Urban Local
5147883,Urban Local
5147884,Urban Local
5147885,Urban Local
5147886,Urban Local
5147887,Urban Local
5147888,Urban Local
5147889,Urban Local
5154964,Urban Local
5154965,Urban Local
5154966,Urban Local
5154967,Urban Local
5154970,Urban Local
5154971,Urban Local
5155064,Urban Local
5155065,Urban Local
5157141,Urban Local
5157142,Urban Local
5157272,Rural Local
5157273,Rural Local
5157275,Rural Local
5157276,Rural Local
5167702,Urban Local
5167703,Urban Local
5168282,Urban Local
5168283,Urban Local
5168284,Urban Local
5168285,Urban Local
5168286,Urban Local
5168287,Urban Local
5168288,Urban Local
5168289,Urban Local
5173492,Urban Local
5173493,Urban Local
5188626,Rural Local
5188627,Rural Local
5188628,Rural Local
5188629,Rural Local
5188630,Rural Local
5188631,Rural Local
5188634,Urban Local
5188635,Urban Local
5190926,Urban Local
5190927,Urban Local
5208042,Urban Local
5208043,Urban Local
5208044,Urban Local
5208045,Urban Local
5208048,Urban Local
5208049,Urban Local
5230092,Urban Local
5230093,Urban Local
5230114,Urban Local
5230115,Urban Local
5230178,Urban Local
5230179,Urban Local
5230222,Urban Local
5230223,Urban Local
5232817,Urban Local
5232818,Urban Local
5237338,Urban Local
5237339,Urban Local
5237342,Urban Local
5237343,Urban Local
5238472,Urban Local
5238473,Urban Local
5238492,Urban Local
5238493,Urban Local
5238512,Urban Local
5238513,Urban Local
5250437,Urban Local
5250438,Urban Local
5250457,Urban Local
5250458,Urban Local
5252999,Urban Local
5253000,Urban Local
5253083,Urban Local
5253084,Urban Local
5253101,Urban Local
5253102,Urban Local
5253199,Urban Minor Arterial
5253200,Urban Minor Arterial
5253201,Urban Minor Arterial
5253202,Urban Minor Arterial
5256997,Urban Collector
5256998,Urban Collector
5259181,Urban Local
5259182,Urban Local
5259183,Urban Local
5259184,Urban Local
5259557,Urban Local
5259558,Urban Local
5259561,Urban Local
5259562,Urban Local
5259563,Urban Local
5259564,Urban Local
5259579,Urban Local
5259580,Urban Local
5259597,Urban Local
5259598,Urban Local
5259599,Urban Local
5259600,Urban Local
5260977,Urban Local
5260978,Urban Local
5260979,Urban Local
5260980,Urban Local
5260981,Urban Local
5260982,Urban Local
5260983,Urban Local
5260984,Urban Local
5284157,Rural Local
5284158,Rural Local
5284159,Rural Local
5284160,Rural Local
5285741,Urban Local
5285742,Urban Local
5285757,Urban Local
5285758,Urban Local
5285759,Urban Local
5285760,Urban Local
5285777,Urban Local
5285778,Urban Local
5285779,Urban Local
5285780,Urban Local
5285781,Urban Local
5285782,Urban Local
5285837,Urban Local
5285838,Urban Local
5285857,Urban Local
5285858,Urban Local
5285897,Urban Collector
5285898,Urban Collector
5285899,Urban Collector
5285900,Urban Collector
5285917,Urban Local
5285918,Urban Local
5286198,Urban Local
5297655,Urban Local
5297656,Urban Local
5297657,Urban Local
5297658,Urban Local
5297659,Urban Local
5297660,Urban Local
5297661,Urban Local
5297662,Urban Local
5297664,Urban Local
5297665,Urban Local
5297666,Urban Local
5297667,Urban Local
5297668,Urban Local
5297669,Urban Local
5297690,Urban Local
5297691,Urban Local
5313813,Urban Local
5313814,Urban Local
5313819,Urban Local
5313820,Urban Local
5313824,Urban Local
5313825,Urban Local
5313827,Urban Local
5313828,Urban Local
5313831,Urban Local
5313832,Urban Local
5314060,Urban Local
5314061,Urban Local
5314065,Urban Local
5314066,Urban Local
5314080,Urban Local
5314081,Urban Local
5314157,Urban Local
5314158,Urban Local
5314163,Urban Local
5314164,Urban Local
5314179,Rural Local
5314180,Rural Local
5314181,Rural Local
5314182,Rural Local
5314201,Rural Local
5314202,Rural Local
5314203,Rural Local
5314204,Rural Local
5314206,Rural Local
5314207,Rural Local
5314238,Rural Local
5314239,Rural Local
5314261,Rural Local
5314277,Rural Local
5314278,Rural Local
5314295,Rural Local
5314296,Rural Local
5314337,Rural Local
5314338,Rural Local
5314540,Rural Local
5314545,Rural Local
5314617,Rural Local
5314627,Rural Local
5314647,Rural Local
5314677,Rural Local
5314701,Rural Local
5314731,Rural Local
5314757,Rural Local
5314766,Rural Local
5314771,Rural Local
5321246,Rural Local
5321249,Rural Local
5321324,Rural Local
5321334,Rural Local
5321339,Rural Local
5321342,Rural Local
5323329,Rural Local
5323330,Rural Local
5341804,Urban Local
5341805,Urban Local
5346161,Urban Local
5346162,Urban Local
5346163,Urban Local
5346164,Urban Local
5355363,Urban Other Connecting Link Principal Arterial
5355364,Urban Other Connecting Link Principal Arterial
5355365,Urban Other Connecting Link Principal Arterial
5355366,Urban Other Connecting Link Principal Arterial
5355377,Urban Local
5355378,Urban Local
5355379,Urban Local
5355380,Urban Local
5355381,Urban Local
5355382,Urban Local
5355385,Rural Local
5355386,Rural Local
5355387,Rural Local
5355388,Rural Local
5355391,Rural Local
5355392,Rural Local
5355394,Urban Collector
5355395,Urban Collector
5355397,Rural Local
5355398,Rural Local
5366459,Urban Local
5366460,Urban Local
5366461,Urban Local
5366462,Urban Local
5366469,Urban Local
5366470,Urban Local
5371249,Urban Local
5371250,Urban Local
5371257,Urban Local
5371258,Urban Local
5371259,Rural Local
5371260,Rural Local
5371950,Urban Local
5371951,Urban Local
5371952,Urban Local
5371953,Urban Local
5371989,Urban Local
5371990,Urban Local
5372925,Urban Minor Arterial
5372926,Urban Minor Arterial
5372931,Urban Local
5372932,Urban Local
5372933,Urban Minor Arterial
5372934,Urban Minor Arterial
5374178,Urban Minor Arterial
5374179,Urban Minor Arterial
5374184,Urban Minor Arterial
5374185,Urban Minor Arterial
5414617,Urban Local
5414618,Urban Local
5422167,Urban Local
5422168,Urban Local
5422169,Urban Local
5422170,Urban Local
5422171,Urban Local
5422172,Urban Local
5422277,Urban Minor Arterial
5422278,Urban Minor Arterial
5422279,Urban Minor Arterial
5422280,Urban Minor Arterial
5445871,Urban Local
5445872,Urban Local
5445981,Urban Local
5445984,Urban Local
5445987,Urban Local
5445988,Urban Local
5446017,Urban Local
5446018,Urban Local
5446019,Urban Local
5446020,Urban Local
5446077,Urban Collector
5446078,Urban Collector
5446079,Urban Collector
5446080,Urban Collector
5446081,Rural Local
5446082,Rural Local
5446083,Rural Local
5446084,Rural Local
5446085,Rural Local
5446086,Rural Local
5449871,Urban Local
5449874,Urban Local
5449882,Urban Local
5449883,Urban Local
5449885,Urban Local
5449886,Urban Local
5449887,Urban Local
5449888,Urban Local
5449890,Urban Local
5449891,Urban Local
5449892,Urban Local
5449893,Urban Local
5449894,Urban Local
5449895,Urban Local
5450287,Urban Local
5450288,Urban Local
5450289,Urban Local
5450290,Urban Local
5450317,Urban Local
5450318,Urban Local
5450319,Urban Local
5450320,Urban Local
5451777,Urban Local
5451778,Urban Local
5451779,Urban Local
5451780,Urban Local
5453397,Urban Local
5453398,Urban Local
5454897,Urban Local
5454898,Urban Local
5454901,Urban Local
5454902,Urban Local
5455081,Rural Local
5455082,Rural Local
5455233,Urban Local
5455234,Urban Local
5455235,Urban Local
5455236,Urban Local
5455237,Rural Local
5455238,Urban Local
5455239,Rural Local
5455240,Rural Local
5486465,Urban Other Connecting Link Principal Arterial
5486466,Urban Other Connecting Link Principal Arterial
5488958,Rural Local
5488959,Rural Local
5488961,Rural Local
5488962,Rural Local
5488963,Rural Local
5488964,Rural Local
5488965,Rural Local
5488966,Rural Local
5488967,Rural Local
5488968,Rural Local
5488969,Rural Local
5488970,Rural Local
5488971,Rural Local
5488972,Rural Local
5488973,Rural Local
5488974,Rural Local
5497019,Urban Local
5497020,Urban Local
5497021,Rural Local
5497024,Rural Local
5497025,Rural Local
5497026,Rural Local
5500199,Urban Other Connecting Link Principal Arterial
5500202,Urban Other Connecting Link Principal Arterial
5503899,Urban Collector
5503900,Urban Collector
5503901,Urban Collector
5503902,Urban Collector
5505085,Rural Local
5505086,Rural Local
5505087,Rural Local
5505088,Rural Local
5505093,Urban Local
5505094,Urban Local
5505101,Urban Local
5505102,Urban Local
5505103,Urban Local
5505104,Urban Local
5505119,Urban Local
5505120,Urban Local
5505123,Rural Local
5505124,Rural Local
5505125,Rural Local
5505126,Rural Local
5505127,Rural Local
5505128,Rural Local
5505129,Rural Local
5505130,Rural Local
5505131,Rural Local
5505132,Rural Local
5505133,Rural Local
5505134,Rural Local
5505136,Rural Local
5505137,Rural Local
5505143,Rural Local
5505144,Rural Local
5505145,Rural Local
5505146,Rural Local
5505179,Urban Collector
5505182,Urban Collector
5505183,Urban Collector
5505184,Urban Collector
5505185,Rural Local
5505188,Rural Local
5505189,Rural Local
5505190,Rural Local
5505201,Rural Local
5505202,Rural Local
5505203,Rural Local
5505204,Rural Local
5505209,Rural Local
5505210,Rural Local
5505211,Rural Local
5505212,Rural Local
5505223,Rural Local
5505224,Rural Local
5505225,Rural Local
5505226,Rural Local
5505227,Rural Local
5505228,Rural Local
5508881,Rural Local
5508882,Rural Local
5508883,Urban Local
5508884,Rural Local
5508899,Rural Local
5508900,Rural Local
5508941,Rural Local
5508942,Rural Local
5508959,Rural Local
5508960,Rural Local
5508961,Rural Local
5508962,Rural Local
5508963,Urban Local
5508964,Rural Local
5508965,Urban Local
5508966,Rural Local
5508995,Rural Local
5508996,Rural Local
5509005,Rural Local
5509006,Rural Local
5509007,Urban Collector
5509008,Urban Collector
5509099,Rural Local
5509100,Rural Local
5509101,Rural Local
5509102,Rural Local
5512179,Urban Minor Arterial
5512180,Urban Minor Arterial
5515604,Rural Local
5515605,Rural Local
5515741,Rural Local
5515742,Rural Local
5515743,Rural Local
5515744,Rural Local
5515745,Rural Local
5515746,Rural Local
5515747,Rural Local
5515748,Rural Local
5515770,Rural Local
5516761,Rural Local
5516762,Rural Local
5516763,Rural Local
5516764,Rural Local
5516765,Rural Local
5516766,Rural Local
5516767,Rural Local
5516768,Rural Local
5516779,Rural Local
5516780,Rural Local
5516781,Rural Local
5516782,Rural Local
5516783,Rural Local
5516784,Rural Local
5516785,Rural Local
5516786,Rural Local
5519745,Rural Local
5519746,Rural Local
5519747,Rural Local
5519748,Rural Local
5519749,Rural Local
5519750,Rural Local
5538747,Rural Local
5538762,Urban Local
5538763,Urban Local
5539663,Rural Local
5539664,Rural Local
5539665,Rural Local
5539666,Rural Local
5540637,Rural Local
5540641,Rural Local
5540644,Rural Local
5550981,Rural Local
5559299,Urban Collector
5559300,Urban Collector
5559301,Urban Collector
5559302,Urban Collector
5559529,Urban Collector
5559530,Urban Collector
5559531,Urban Collector
5559532,Urban Collector
5559534,Urban Minor Arterial
5559535,Urban Minor Arterial
5571401,Urban Local
5571402,Urban Local
5571403,Urban Local
5571404,Urban Local
5571405,Urban Local
5571406,Urban Local
5571407,Urban Local
5571408,Urban Local
5571409,Rural Local
5571410,Rural Local
5571433,Urban Local
5571434,Urban Local
5571435,Urban Local
5571436,Urban Local
5571513,Urban Local
5571514,Urban Local
5571515,Urban Local
5571516,Urban Local
5571517,Urban Collector
5571518,Urban Collector
5571519,Urban Collector
5571520,Urban Collector
5571521,Urban Local
5571522,Urban Local
5571523,Urban Collector
5571524,Urban Collector
