"roadID","loopNum"
"intersection_18","l45"
"intersection_20","l23"
"intersection_20","l29"
"intersection_20","l32"
"intersection_20","l33"
"intersection_20","l44"
"intersection_20","l47"
"intersection_49","l42"
"intersection_50","l44"
"intersection_64","l15"
"intersection_64","l16"
"intersection_68","l1"
"intersection_68","l12"
"intersection_68","l21"
"intersection_68","l27"
"intersection_68","l34"
"intersection_68","l35"
"intersection_68","l37"
"intersection_68","l39"
"intersection_68","l43"
"intersection_70","l21"
"intersection_72","l21"
"intersection_84","l4"
"intersection_84","l13"
"intersection_84","l24"
"intersection_84","l31"
"intersection_84","l40"
"intersection_84","l41"
"intersection_86","l22"
"intersection_86","l26"
"intersection_86","l30"
"intersection_86","l36"
"intersection_90","l48"
"intersection_90","l49"
"intersection_98","l43"
"intersection_98","l48"
"intersection_98","l49"
"intersection_99","l3"
"intersection_100","l39"
"intersection_102","l18"
"intersection_105","l19"
"intersection_105","l39"
"intersection_106","l5"
"intersection_107","l4"
"intersection_125","l25"
"intersection_125","l30"
"intersection_133","l23"
"intersection_133","l29"
"intersection_133","l32"
"intersection_133","l33"
"intersection_133","l44"
"intersection_133","l47"
"intersection_134","l21"
"intersection_144","l2"
"intersection_145","l2"
"4822208","l42"
"intersection_158","l42"
"intersection_160","l43"
"intersection_185","l5"
"intersection_185","l24"
"intersection_188","l15"
"intersection_188","l16"
"intersection_226","l11"
"intersection_226","l14"
"intersection_226","l44"
"intersection_226","l46"
"intersection_242","l4"
"intersection_242","l5"
"intersection_242","l34"
"intersection_242","l35"
"intersection_242","l39"
"intersection_242","l40"
"intersection_242","l43"
"intersection_245","l19"
"intersection_251","l11"
"intersection_251","l14"
"intersection_251","l26"
"intersection_251","l32"
"intersection_251","l33"
"intersection_251","l44"
"intersection_255","l15"
"intersection_255","l16"
"intersection_274","l26"
"intersection_283","l5"
"4848810","l2"
"intersection_296","l30"
"intersection_296","l31"
"intersection_318","l15"
"intersection_318","l16"
"intersection_321","l1"
"intersection_321","l12"
"intersection_321","l21"
"intersection_321","l27"
"intersection_321","l34"
"intersection_321","l35"
"intersection_321","l37"
"intersection_321","l39"
"intersection_321","l42"
"intersection_321","l43"
"intersection_327","l4"
"intersection_327","l5"
"intersection_327","l34"
"intersection_327","l35"
"intersection_327","l39"
"intersection_327","l40"
"intersection_327","l43"
"intersection_330","l11"
"intersection_330","l14"
"intersection_330","l26"
"intersection_330","l32"
"intersection_330","l33"
"intersection_330","l44"
"intersection_343","l21"
"intersection_343","l37"
"intersection_349","l9"
"intersection_349","l14"
"intersection_349","l46"
"intersection_354","l9"
"intersection_354","l46"
"intersection_355","l3"
"intersection_355","l11"
"intersection_355","l22"
"intersection_355","l26"
"intersection_355","l28"
"intersection_355","l32"
"intersection_355","l33"
"intersection_355","l36"
"intersection_355","l44"
"intersection_355","l45"
"intersection_355","l47"
"intersection_357","l4"
"intersection_357","l13"
"intersection_357","l24"
"intersection_357","l34"
"intersection_357","l35"
"intersection_357","l39"
"intersection_357","l40"
"intersection_357","l41"
"intersection_357","l42"
"intersection_357","l43"
"intersection_357","l50"
"intersection_365","l10"
"intersection_387","l22"
"intersection_389","l2"
"intersection_392","l2"
"intersection_392","l6"
"intersection_401","l31"
"intersection_412","l22"
"intersection_415","l22"
"intersection_439","l14"
"intersection_439","l44"
"intersection_439","l46"
"intersection_442","l43"
"intersection_469","l41"
"intersection_472","l4"
"intersection_472","l24"
"intersection_472","l31"
"intersection_472","l40"
"intersection_472","l41"
"intersection_473","l26"
"intersection_474","l22"
"intersection_474","l30"
"intersection_474","l36"
"intersection_475","l1"
"intersection_475","l4"
"intersection_475","l12"
"intersection_475","l13"
"intersection_475","l21"
"intersection_475","l23"
"intersection_475","l24"
"intersection_475","l27"
"intersection_475","l29"
"intersection_475","l31"
"intersection_475","l34"
"intersection_475","l35"
"intersection_475","l39"
"intersection_475","l40"
"intersection_475","l41"
"intersection_475","l42"
"intersection_475","l43"
"intersection_475","l50"
"intersection_479","l11"
"intersection_479","l22"
"intersection_479","l26"
"intersection_479","l28"
"intersection_479","l30"
"intersection_479","l36"
"intersection_479","l45"
"intersection_488","l6"
"intersection_491","l6"
"intersection_495","l1"
"intersection_495","l4"
"intersection_495","l12"
"intersection_495","l13"
"intersection_495","l21"
"intersection_495","l24"
"intersection_495","l27"
"intersection_495","l31"
"intersection_495","l34"
"intersection_495","l35"
"intersection_495","l39"
"intersection_495","l40"
"intersection_495","l41"
"intersection_495","l42"
"intersection_495","l43"
"intersection_495","l50"
"intersection_498","l11"
"intersection_498","l22"
"intersection_498","l26"
"intersection_498","l30"
"intersection_498","l36"
"intersection_507","l4"
"intersection_507","l5"
"intersection_507","l19"
"intersection_507","l20"
"intersection_507","l28"
"intersection_507","l34"
"intersection_507","l39"
"intersection_514","l25"
"intersection_517","l36"
"intersection_519","l36"
"intersection_527","l36"
"intersection_530","l30"
"4850758","l1"
"4850758","l12"
"4850758","l21"
"4850758","l27"
"4850758","l34"
"4850758","l35"
"4850758","l37"
"4850758","l39"
"4850758","l43"
"4829373","l15"
"4829373","l16"
"intersection_543","l1"
"intersection_543","l12"
"intersection_543","l21"
"intersection_543","l27"
"intersection_543","l34"
"intersection_543","l35"
"intersection_543","l37"
"intersection_543","l39"
"intersection_543","l43"
"intersection_544","l15"
"intersection_544","l16"
"intersection_546","l21"
"intersection_546","l34"
"intersection_546","l35"
"intersection_546","l37"
"intersection_546","l39"
"intersection_546","l43"
"intersection_567","l4"
"intersection_570","l4"
"4829548","l36"
"intersection_573","l24"
"intersection_574","l36"
"intersection_577","l36"
"intersection_581","l24"
"intersection_581","l36"
"intersection_582","l6"
"intersection_584","l24"
"intersection_600","l28"
"intersection_618","l1"
"intersection_618","l27"
"intersection_618","l31"
"intersection_618","l48"
"intersection_618","l49"
"intersection_627","l13"
"4842427","l30"
"intersection_640","l30"
"intersection_667","l14"
"intersection_667","l46"
"4820996","l26"
"intersection_671","l26"
"intersection_677","l17"
"intersection_677","l24"
"intersection_690","l26"
"intersection_695","l1"
"intersection_695","l31"
"intersection_696","l27"
"intersection_696","l48"
"intersection_696","l49"
"intersection_697","l46"
"intersection_699","l30"
"intersection_709","l15"
"intersection_709","l16"
"intersection_710","l29"
"intersection_711","l7"
"intersection_711","l27"
"intersection_726","l5"
"intersection_757","l28"
"4840761","l4"
"4840761","l24"
"4840761","l31"
"4840761","l40"
"4819375","l22"
"4819375","l30"
"4819375","l36"
"intersection_774","l31"
"intersection_776","l4"
"intersection_776","l24"
"intersection_776","l40"
"intersection_777","l22"
"intersection_777","l30"
"intersection_777","l36"
"4840572","l45"
"intersection_781","l45"
"intersection_784","l45"
"intersection_793","l12"
"intersection_802","l28"
"intersection_805","l30"
"intersection_817","l43"
"intersection_817","l48"
"intersection_817","l49"
"intersection_844","l43"
"intersection_848","l26"
"intersection_855","l38"
"intersection_856","l38"
"intersection_859","l46"
"intersection_888","l38"
"intersection_890","l34"
"intersection_890","l37"
"intersection_891","l34"
"intersection_891","l37"
"intersection_892","l21"
"intersection_896","l4"
"intersection_896","l13"
"intersection_896","l24"
"intersection_896","l34"
"intersection_896","l35"
"intersection_896","l39"
"intersection_896","l40"
"intersection_896","l41"
"intersection_896","l42"
"intersection_896","l43"
"intersection_896","l50"
"intersection_900","l11"
"intersection_900","l22"
"intersection_900","l26"
"intersection_900","l28"
"intersection_900","l32"
"intersection_900","l33"
"intersection_900","l36"
"intersection_900","l44"
"intersection_900","l45"
"intersection_900","l47"
"intersection_902","l3"
"intersection_902","l18"
"intersection_902","l45"
"intersection_902","l48"
"intersection_902","l49"
"intersection_908","l4"
"intersection_908","l5"
"intersection_908","l19"
"intersection_908","l20"
"intersection_908","l34"
"intersection_908","l39"
"intersection_917","l7"
"intersection_918","l4"
"intersection_918","l24"
"intersection_918","l40"
"intersection_923","l22"
"intersection_923","l36"
"intersection_924","l30"
"intersection_947","l3"
"intersection_947","l18"
"intersection_947","l22"
"intersection_947","l28"
"intersection_947","l45"
"intersection_947","l47"
"intersection_947","l48"
"intersection_947","l49"
"5253199","l22"
"5253199","l26"
"5253199","l30"
"5253199","l36"
"5253200","l4"
"5253200","l13"
"5253200","l24"
"5253200","l31"
"5253200","l40"
"5253200","l41"
"intersection_1001","l22"
"intersection_1001","l26"
"intersection_1001","l30"
"intersection_1001","l36"
"intersection_1003","l4"
"intersection_1003","l13"
"intersection_1003","l24"
"intersection_1003","l31"
"intersection_1003","l40"
"intersection_1003","l41"
"intersection_1004","l13"
"intersection_1017","l40"
"intersection_1026","l11"
"intersection_1026","l14"
"intersection_1026","l20"
"intersection_1026","l26"
"intersection_1026","l44"
"intersection_1034","l24"
"intersection_1035","l5"
"intersection_1041","l17"
"4843236","l1"
"4843236","l12"
"4843236","l21"
"4843236","l27"
"4843236","l34"
"4843236","l35"
"4843236","l37"
"4843236","l39"
"4843236","l42"
"4843236","l43"
"4821850","l15"
"4821850","l16"
"intersection_1049","l1"
"intersection_1049","l12"
"intersection_1049","l21"
"intersection_1049","l27"
"intersection_1049","l34"
"intersection_1049","l35"
"intersection_1049","l37"
"intersection_1049","l39"
"intersection_1049","l42"
"intersection_1049","l43"
"intersection_1051","l15"
"intersection_1051","l16"
"intersection_1053","l12"
"intersection_1071","l30"
"intersection_1077","l1"
"5505136","l7"
"5505136","l27"
"5505137","l29"
"intersection_1085","l7"
"intersection_1085","l27"
"intersection_1087","l29"
"4884691","l28"
"intersection_1096","l28"
"intersection_1112","l23"
"intersection_1112","l29"
"intersection_1112","l32"
"intersection_1112","l33"
"intersection_1112","l44"
"intersection_1112","l47"
"intersection_1126","l1"
"5036714","l21"
"intersection_1157","l21"
"intersection_1179","l10"
"intersection_1181","l10"
"4829347","l1"
"4829347","l4"
"4829347","l12"
"4829347","l13"
"4829347","l21"
"4829347","l24"
"4829347","l27"
"4829347","l31"
"4829347","l34"
"4829347","l35"
"4829347","l39"
"4829347","l40"
"4829347","l41"
"4829347","l42"
"4829347","l43"
"4829347","l50"
"4850732","l11"
"4850732","l22"
"4850732","l26"
"4850732","l30"
"4850732","l36"
"intersection_1224","l1"
"intersection_1224","l4"
"intersection_1224","l12"
"intersection_1224","l13"
"intersection_1224","l21"
"intersection_1224","l24"
"intersection_1224","l27"
"intersection_1224","l31"
"intersection_1224","l34"
"intersection_1224","l35"
"intersection_1224","l39"
"intersection_1224","l40"
"intersection_1224","l41"
"intersection_1224","l42"
"intersection_1224","l43"
"intersection_1224","l50"
"intersection_1227","l11"
"intersection_1227","l22"
"intersection_1227","l26"
"intersection_1227","l30"
"intersection_1227","l36"
"4823922","l21"
"4823922","l34"
"4823922","l35"
"4823922","l37"
"4823922","l39"
"4823922","l43"
"intersection_1235","l34"
"intersection_1235","l37"
"intersection_1236","l29"
"intersection_1237","l12"
"intersection_1237","l21"
"intersection_1237","l35"
"intersection_1237","l39"
"intersection_1237","l43"
"intersection_1237","l47"
"intersection_1241","l21"
"intersection_1241","l34"
"intersection_1241","l35"
"intersection_1241","l37"
"intersection_1241","l39"
"intersection_1241","l43"
"intersection_1242","l29"
"intersection_1245","l12"
"intersection_1245","l21"
"intersection_1245","l35"
"intersection_1245","l39"
"intersection_1245","l43"
"intersection_1245","l47"
"intersection_1247","l41"
"intersection_1250","l12"
"intersection_1250","l30"
"intersection_1252","l30"
"intersection_1267","l8"
"intersection_1268","l23"
"intersection_1268","l29"
"intersection_1268","l32"
"intersection_1268","l33"
"intersection_1268","l44"
"intersection_1268","l47"
"intersection_1274","l1"
"intersection_1274","l12"
"intersection_1274","l27"
"intersection_1274","l31"
"intersection_1280","l4"
"intersection_1280","l5"
"intersection_1280","l19"
"intersection_1280","l34"
"intersection_1280","l39"
"intersection_1281","l3"
"intersection_1281","l18"
"intersection_1281","l45"
"4830487","l4"
"4830487","l13"
"4830487","l24"
"4830487","l34"
"4830487","l35"
"4830487","l39"
"4830487","l40"
"4830487","l41"
"4830487","l42"
"4830487","l43"
"4830487","l50"
"4851872","l11"
"4851872","l22"
"4851872","l26"
"4851872","l28"
"4851872","l32"
"4851872","l33"
"4851872","l36"
"4851872","l44"
"4851872","l45"
"4851872","l47"
"intersection_1291","l27"
"intersection_1292","l1"
"intersection_1292","l4"
"intersection_1292","l12"
"intersection_1292","l13"
"intersection_1292","l24"
"intersection_1292","l25"
"intersection_1292","l31"
"intersection_1292","l34"
"intersection_1292","l35"
"intersection_1292","l39"
"intersection_1292","l40"
"intersection_1292","l41"
"intersection_1292","l42"
"intersection_1292","l43"
"intersection_1292","l50"
"intersection_1293","l1"
"intersection_1293","l12"
"intersection_1293","l25"
"intersection_1293","l31"
"intersection_1294","l11"
"intersection_1294","l22"
"intersection_1294","l26"
"intersection_1294","l28"
"intersection_1294","l32"
"intersection_1294","l33"
"intersection_1294","l36"
"intersection_1294","l44"
"intersection_1294","l45"
"intersection_1294","l47"
"intersection_1302","l42"
"intersection_1306","l42"
"5091573","l29"
"5091573","l47"
"intersection_1309","l29"
"intersection_1309","l47"
"intersection_1318","l4"
"intersection_1318","l34"
"intersection_1318","l35"
"intersection_1318","l39"
"intersection_1318","l40"
"intersection_1318","l43"
"intersection_1325","l3"
"intersection_1325","l11"
"intersection_1325","l22"
"intersection_1325","l26"
"intersection_1325","l28"
"intersection_1325","l32"
"intersection_1325","l33"
"intersection_1325","l44"
"intersection_1325","l45"
"intersection_1325","l47"
"intersection_1334","l2"
"intersection_1334","l6"
"intersection_1334","l22"
"intersection_1340","l30"
"intersection_1347","l18"
"intersection_1348","l17"
"intersection_1348","l18"
"intersection_1348","l24"
"intersection_1378","l50"
"intersection_1387","l34"
"intersection_1388","l34"
"intersection_1389","l21"
"intersection_1389","l37"
"5314202","l23"
"5314202","l29"
"5314202","l32"
"5314202","l33"
"5314202","l44"
"5314202","l47"
"intersection_1395","l23"
"intersection_1395","l29"
"intersection_1395","l32"
"intersection_1395","l33"
"intersection_1395","l44"
"intersection_1395","l47"
"4840548","l45"
"intersection_1405","l45"
"intersection_1409","l45"
"intersection_1416","l34"
"intersection_1416","l39"
"intersection_1416","l40"
"intersection_1416","l43"
"intersection_1417","l4"
"intersection_1417","l5"
"intersection_1417","l19"
"intersection_1417","l35"
"intersection_1418","l11"
"intersection_1418","l14"
"intersection_1418","l26"
"intersection_1418","l32"
"intersection_1418","l33"
"intersection_1418","l44"
"intersection_1420","l4"
"intersection_1420","l5"
"intersection_1420","l19"
"intersection_1420","l35"
"intersection_1422","l10"
"intersection_1427","l10"
"4840910","l11"
"4840910","l22"
"4840910","l26"
"4840910","l28"
"4840910","l30"
"4840910","l36"
"4840910","l45"
"4819524","l1"
"4819524","l4"
"4819524","l12"
"4819524","l13"
"4819524","l21"
"4819524","l23"
"4819524","l24"
"4819524","l27"
"4819524","l29"
"4819524","l31"
"4819524","l34"
"4819524","l35"
"4819524","l39"
"4819524","l40"
"4819524","l41"
"4819524","l42"
"4819524","l43"
"4819524","l50"
"intersection_1429","l11"
"intersection_1429","l22"
"intersection_1429","l26"
"intersection_1429","l28"
"intersection_1429","l30"
"intersection_1429","l36"
"intersection_1429","l45"
"intersection_1432","l1"
"intersection_1432","l4"
"intersection_1432","l12"
"intersection_1432","l13"
"intersection_1432","l21"
"intersection_1432","l23"
"intersection_1432","l24"
"intersection_1432","l27"
"intersection_1432","l29"
"intersection_1432","l31"
"intersection_1432","l34"
"intersection_1432","l35"
"intersection_1432","l39"
"intersection_1432","l40"
"intersection_1432","l41"
"intersection_1432","l42"
"intersection_1432","l43"
"intersection_1432","l50"
"4824526","l21"
"4824526","l34"
"4824526","l35"
"4824526","l37"
"4824526","l39"
"4824526","l43"
"intersection_1441","l21"
"intersection_1441","l34"
"intersection_1441","l35"
"intersection_1441","l37"
"intersection_1441","l39"
"intersection_1441","l43"
"5509007","l42"
"5509007","l44"
"intersection_1453","l42"
"intersection_1453","l44"
"intersection_1473","l41"
"4820724","l11"
"4820724","l14"
"4820724","l44"
"4820724","l46"
"intersection_1476","l43"
"intersection_1479","l11"
"intersection_1479","l14"
"intersection_1479","l44"
"intersection_1479","l46"
"intersection_1480","l43"
"intersection_1485","l43"
"intersection_1501","l13"
"intersection_1501","l41"
"intersection_1501","l42"
"intersection_1503","l36"
"intersection_1512","l48"
"intersection_1512","l49"
"intersection_1513","l4"
"intersection_1513","l13"
"intersection_1513","l24"
"intersection_1513","l31"
"intersection_1513","l40"
"intersection_1513","l41"
"intersection_1516","l22"
"intersection_1516","l26"
"intersection_1516","l30"
"intersection_1516","l36"
"intersection_1520","l1"
"intersection_1526","l1"
"intersection_1526","l12"
"intersection_1526","l21"
"intersection_1526","l29"
"intersection_1526","l34"
"intersection_1526","l35"
"intersection_1526","l37"
"intersection_1526","l39"
"intersection_1526","l43"
"4821010","l1"
"4821010","l27"
"4821010","l31"
"4821010","l48"
"4821010","l49"
"intersection_1549","l1"
"intersection_1549","l27"
"intersection_1549","l31"
"intersection_1549","l48"
"intersection_1549","l49"
"intersection_1556","l18"
"intersection_1557","l3"
"intersection_1557","l18"
"intersection_1557","l22"
"intersection_1557","l28"
"intersection_1557","l45"
"intersection_1557","l47"
"intersection_1573","l36"
"intersection_1576","l6"
"intersection_1576","l24"
"intersection_1576","l40"
"intersection_1583","l47"
"5064819","l5"
"intersection_1611","l5"
"intersection_1628","l1"
"intersection_1628","l12"
"intersection_1628","l27"
"intersection_1628","l31"
"4820935","l26"
"intersection_1649","l26"
"4851820","l10"
"4851817","l10"
"intersection_1657","l10"
"intersection_1660","l41"
"4821188","l9"
"4821188","l14"
"4821188","l46"
"intersection_1675","l9"
"intersection_1675","l14"
"intersection_1675","l46"
"4841525","l48"
"4841525","l49"
"intersection_1702","l48"
"intersection_1702","l49"
"4840909","l11"
"4840909","l22"
"4840909","l26"
"4840909","l28"
"4840909","l30"
"4840909","l36"
"4840909","l45"
"4819523","l1"
"4819523","l4"
"4819523","l12"
"4819523","l13"
"4819523","l21"
"4819523","l23"
"4819523","l24"
"4819523","l27"
"4819523","l29"
"4819523","l31"
"4819523","l34"
"4819523","l35"
"4819523","l39"
"4819523","l40"
"4819523","l41"
"4819523","l42"
"4819523","l43"
"4819523","l50"
"intersection_1707","l11"
"intersection_1707","l22"
"intersection_1707","l26"
"intersection_1707","l28"
"intersection_1707","l30"
"intersection_1707","l36"
"intersection_1707","l45"
"intersection_1710","l1"
"intersection_1710","l4"
"intersection_1710","l12"
"intersection_1710","l13"
"intersection_1710","l21"
"intersection_1710","l23"
"intersection_1710","l24"
"intersection_1710","l27"
"intersection_1710","l29"
"intersection_1710","l31"
"intersection_1710","l34"
"intersection_1710","l35"
"intersection_1710","l39"
"intersection_1710","l40"
"intersection_1710","l41"
"intersection_1710","l42"
"intersection_1710","l43"
"intersection_1710","l50"
"intersection_1723","l47"
"intersection_1724","l47"
"4820083","l25"
"4820083","l30"
"4841661","l23"
"4841661","l29"
"4841661","l32"
"4841661","l33"
"4841661","l44"
"4841661","l47"
"4841469","l23"
"4841469","l29"
"4841469","l32"
"4841469","l33"
"4841469","l44"
"4841469","l47"
"intersection_1732","l25"
"intersection_1732","l30"
"intersection_1733","l29"
"intersection_1733","l32"
"intersection_1733","l33"
"intersection_1733","l44"
"intersection_1733","l47"
"intersection_1734","l29"
"intersection_1734","l32"
"intersection_1734","l33"
"intersection_1734","l44"
"intersection_1734","l47"
"intersection_1735","l23"
"5314157","l50"
"intersection_1759","l1"
"intersection_1759","l37"
"intersection_1759","l39"
"intersection_1759","l50"
"intersection_1762","l43"
"intersection_1763","l1"
"intersection_1764","l8"
"intersection_1764","l12"
"intersection_1764","l21"
"intersection_1764","l27"
"intersection_1764","l34"
"intersection_1764","l35"
"intersection_1764","l37"
"intersection_1764","l39"
"intersection_1764","l42"
"intersection_1765","l8"
"intersection_1765","l12"
"intersection_1765","l21"
"intersection_1765","l27"
"intersection_1765","l34"
"intersection_1765","l35"
"intersection_1765","l42"
"intersection_1766","l37"
"intersection_1766","l39"
"intersection_1766","l50"
"intersection_1774","l29"
"intersection_1778","l29"
"5285897","l13"
"intersection_1782","l13"
"5422278","l22"
"5422278","l26"
"5422278","l30"
"5422278","l36"
"5422279","l4"
"5422279","l24"
"5422279","l31"
"5422279","l40"
"5422279","l41"
"intersection_1785","l22"
"intersection_1785","l26"
"intersection_1785","l30"
"intersection_1785","l36"
"intersection_1787","l13"
"intersection_1788","l4"
"intersection_1788","l13"
"intersection_1788","l24"
"intersection_1788","l31"
"intersection_1788","l40"
"intersection_1788","l41"
"4840737","l38"
"4829760","l4"
"4829760","l5"
"4829760","l34"
"4829760","l35"
"4829760","l39"
"4829760","l40"
"4829760","l43"
"4851145","l11"
"4851145","l14"
"4851145","l26"
"4851145","l32"
"4851145","l33"
"4851145","l44"
"intersection_1797","l4"
"intersection_1797","l5"
"intersection_1797","l34"
"intersection_1797","l35"
"intersection_1797","l39"
"intersection_1797","l40"
"intersection_1797","l43"
"intersection_1800","l11"
"intersection_1800","l14"
"intersection_1800","l26"
"intersection_1800","l32"
"intersection_1800","l33"
"intersection_1800","l44"
"intersection_1845","l1"
"intersection_1845","l12"
"intersection_1845","l25"
"intersection_1845","l27"
"intersection_1845","l31"
"4840523","l36"
"4819137","l13"
"4819137","l41"
"4819137","l42"
"intersection_1854","l13"
"intersection_1854","l41"
"intersection_1854","l42"
"4852020","l43"
"4852020","l48"
"4852020","l49"
"intersection_1864","l43"
"intersection_1864","l48"
"intersection_1864","l49"
"intersection_1871","l30"
"intersection_1891","l8"
"4840864","l6"
"4840864","l24"
"4840864","l40"
"4819478","l36"
"intersection_1905","l6"
"intersection_1905","l24"
"intersection_1905","l40"
"intersection_1906","l40"
"intersection_1908","l36"
"intersection_1928","l20"
"intersection_1931","l20"
"5064925","l3"
"5064925","l18"
"5064925","l45"
"5064926","l4"
"5064926","l5"
"5064926","l19"
"5064926","l39"
"intersection_1935","l3"
"intersection_1935","l18"
"intersection_1935","l45"
"intersection_1939","l4"
"intersection_1939","l5"
"intersection_1939","l19"
"intersection_1939","l39"
"intersection_1950","l31"
"5091572","l29"
"5091572","l47"
"4876948","l42"
"intersection_1953","l29"
"intersection_1953","l47"
"intersection_1955","l42"
"intersection_1956","l42"
"intersection_1969","l10"
"intersection_1970","l10"
"intersection_1972","l1"
"intersection_1972","l27"
"intersection_1972","l31"
"intersection_1972","l48"
"intersection_1972","l49"
"5372925","l4"
"5372925","l7"
"5372925","l24"
"5372925","l40"
"5372926","l22"
"5372926","l36"
"intersection_2004","l6"
"intersection_2005","l4"
"intersection_2005","l24"
"intersection_2005","l40"
"intersection_2007","l7"
"intersection_2008","l36"
"intersection_2009","l22"
"intersection_2061","l14"
"intersection_2064","l6"
"intersection_2064","l22"
"intersection_2066","l7"
"intersection_2086","l23"
"4829418","l21"
"4829418","l37"
"intersection_2092","l21"
"intersection_2092","l37"
"intersection_2102","l28"
"intersection_2106","l28"
"5297657","l4"
"intersection_2120","l29"
"intersection_2122","l7"
"intersection_2122","l27"
"intersection_2148","l46"
"intersection_2150","l30"
"intersection_2151","l46"
"5253201","l22"
"5253201","l26"
"5253201","l30"
"5253201","l36"
"5253202","l4"
"5253202","l13"
"5253202","l24"
"5253202","l31"
"5253202","l40"
"5253202","l41"
"intersection_2180","l22"
"intersection_2180","l26"
"intersection_2180","l30"
"intersection_2180","l36"
"intersection_2181","l4"
"intersection_2181","l13"
"intersection_2181","l24"
"intersection_2181","l31"
"intersection_2181","l40"
"intersection_2181","l41"
"4840893","l4"
"4840893","l5"
"4840893","l19"
"4840893","l34"
"4840893","l39"
"4819507","l3"
"4819507","l18"
"4819507","l45"
"intersection_2184","l4"
"intersection_2184","l5"
"intersection_2184","l19"
"intersection_2184","l34"
"intersection_2185","l39"
"intersection_2189","l3"
"intersection_2189","l45"
"intersection_2191","l18"
"intersection_2192","l18"
"intersection_2194","l39"
"4846578","l29"
"4825192","l7"
"4825192","l27"
"intersection_2195","l29"
"intersection_2196","l7"
"intersection_2196","l27"
"4820593","l10"
"4842498","l10"
"intersection_2200","l10"
"4842440","l15"
"4842440","l16"
"intersection_2204","l15"
"intersection_2204","l16"
"intersection_2208","l15"
"intersection_2208","l16"
"intersection_2221","l22"
"intersection_2221","l26"
"intersection_2221","l30"
"intersection_2221","l36"
"intersection_2223","l4"
"intersection_2223","l13"
"intersection_2223","l24"
"intersection_2223","l31"
"intersection_2223","l40"
"intersection_2223","l41"
"intersection_2234","l7"
"4841937","l28"
"intersection_2267","l28"
"intersection_2275","l3"
"5453398","l13"
"5449883","l13"
"intersection_2277","l13"
"4841994","l12"
"intersection_2304","l12"
"5155064","l21"
"intersection_2317","l21"
"intersection_2327","l21"
"intersection_2327","l34"
"intersection_2327","l35"
"intersection_2327","l37"
"intersection_2328","l39"
"intersection_2332","l39"
"intersection_2333","l23"
"intersection_2333","l32"
"intersection_2333","l33"
"intersection_2333","l42"
"intersection_2333","l44"
"5314701","l1"
"intersection_2364","l1"
"4884627","l29"
"intersection_2375","l29"
"intersection_2378","l29"
"intersection_2383","l3"
"intersection_2388","l22"
"intersection_2388","l26"
"intersection_2388","l30"
"intersection_2388","l36"
"intersection_2392","l4"
"intersection_2392","l13"
"intersection_2392","l24"
"intersection_2392","l31"
"intersection_2392","l40"
"intersection_2392","l41"
"5098692","l4"
"5098692","l13"
"5098692","l24"
"5098692","l34"
"5098692","l35"
"5098692","l39"
"5098692","l40"
"5098692","l41"
"5098692","l42"
"5098692","l43"
"5098692","l50"
"5098694","l11"
"5098694","l22"
"5098694","l26"
"5098694","l28"
"5098694","l32"
"5098694","l33"
"5098694","l36"
"5098694","l44"
"5098694","l45"
"5098694","l47"
"5098693","l3"
"5098693","l11"
"5098693","l22"
"5098693","l26"
"5098693","l28"
"5098693","l32"
"5098693","l33"
"5098693","l36"
"5098693","l44"
"5098693","l45"
"5098693","l47"
"5098691","l4"
"5098691","l13"
"5098691","l24"
"5098691","l34"
"5098691","l35"
"5098691","l39"
"5098691","l40"
"5098691","l41"
"5098691","l42"
"5098691","l43"
"5098691","l50"
"intersection_2406","l3"
"intersection_2406","l11"
"intersection_2406","l22"
"intersection_2406","l26"
"intersection_2406","l28"
"intersection_2406","l32"
"intersection_2406","l33"
"intersection_2406","l36"
"intersection_2406","l44"
"intersection_2406","l45"
"intersection_2406","l47"
"intersection_2407","l3"
"intersection_2408","l4"
"intersection_2408","l13"
"intersection_2408","l24"
"intersection_2408","l34"
"intersection_2408","l35"
"intersection_2408","l39"
"intersection_2408","l40"
"intersection_2408","l41"
"intersection_2408","l42"
"intersection_2408","l43"
"intersection_2408","l50"
"4828138","l30"
"intersection_2422","l30"
"intersection_2436","l48"
"intersection_2436","l49"
"4830618","l18"
"4849500","l5"
"4852003","l5"
"4852003","l39"
"4828115","l18"
"intersection_2478","l5"
"intersection_2478","l39"
"intersection_2481","l5"
"intersection_2482","l18"
"intersection_2504","l3"
"intersection_2506","l19"
"4884630","l29"
"4841791","l43"
"4841791","l48"
"4841791","l49"
"intersection_2508","l48"
"intersection_2508","l49"
"intersection_2512","l48"
"intersection_2512","l49"
"intersection_2513","l43"
"4841809","l1"
"4841809","l12"
"4841809","l27"
"4841809","l31"
"intersection_2529","l1"
"intersection_2529","l12"
"intersection_2529","l27"
"intersection_2529","l31"
"4829773","l12"
"4829773","l30"
"4829772","l12"
"4829774","l30"
"intersection_2532","l12"
"intersection_2532","l30"
"intersection_2536","l30"
"5259562","l47"
"intersection_2549","l47"
"4841476","l48"
"4841476","l49"
"intersection_2569","l48"
"intersection_2569","l49"
"5488964","l25"
"intersection_2577","l25"
"intersection_2587","l1"
"intersection_2587","l31"
"4876809","l12"
"4876809","l21"
"4876809","l29"
"4876809","l34"
"4876809","l35"
"4876809","l37"
"4876809","l39"
"4876809","l43"
"intersection_2600","l12"
"intersection_2600","l21"
"intersection_2600","l29"
"intersection_2600","l34"
"intersection_2600","l35"
"intersection_2600","l37"
"intersection_2600","l39"
"intersection_2600","l43"
"intersection_2624","l11"
"intersection_2624","l14"
"intersection_2624","l26"
"intersection_2624","l44"
"intersection_2624","l46"
"intersection_2629","l11"
"intersection_2629","l14"
"intersection_2629","l26"
"intersection_2629","l44"
"intersection_2629","l46"
"intersection_2631","l11"
"intersection_2631","l14"
"intersection_2631","l26"
"intersection_2631","l44"
"intersection_2631","l46"
"4821223","l14"
"4821223","l46"
"intersection_2647","l44"
"intersection_2652","l44"
"intersection_2654","l14"
"intersection_2654","l44"
"intersection_2654","l46"
"5120290","l1"
"5120290","l12"
"5120290","l25"
"5120290","l27"
"5120290","l31"
"intersection_2663","l12"
"intersection_2664","l25"
"intersection_2672","l12"
"intersection_2672","l25"
"intersection_2673","l1"
"intersection_2673","l27"
"intersection_2673","l31"
"intersection_2675","l31"
"4829779","l14"
"intersection_2688","l14"
"5446079","l21"
"5446079","l34"
"5446079","l37"
"intersection_2714","l39"
"intersection_2715","l21"
"intersection_2715","l34"
"intersection_2715","l37"
"intersection_2715","l39"
"intersection_2722","l8"
"intersection_2722","l11"
"intersection_2722","l37"
"4849520","l30"
"4828133","l30"
"intersection_2728","l30"
"4845243","l1"
"4823721","l1"
"intersection_2744","l1"
"5355363","l12"
"5355363","l21"
"5355363","l29"
"5355363","l34"
"5355363","l35"
"5355363","l37"
"5355363","l39"
"5355363","l43"
"5355363","l47"
"intersection_2760","l12"
"intersection_2760","l21"
"intersection_2760","l29"
"intersection_2760","l34"
"intersection_2760","l35"
"intersection_2760","l37"
"intersection_2760","l39"
"intersection_2760","l43"
"intersection_2760","l47"
"intersection_2772","l24"
"5099314","l21"
"5099314","l34"
"5099314","l37"
"4829419","l21"
"4829419","l37"
"intersection_2774","l34"
"intersection_2778","l21"
"intersection_2778","l34"
"intersection_2778","l37"
"5064246","l4"
"5064246","l5"
"5064246","l19"
"5064246","l20"
"5064246","l34"
"5064246","l39"
"4841419","l4"
"4841419","l5"
"4841419","l19"
"4841419","l20"
"4841419","l28"
"4841419","l34"
"4841419","l39"
"5064245","l3"
"5064245","l18"
"5064245","l45"
"5064245","l48"
"5064245","l49"
"intersection_2781","l4"
"intersection_2781","l5"
"intersection_2781","l19"
"intersection_2781","l20"
"intersection_2786","l4"
"intersection_2786","l5"
"intersection_2786","l19"
"intersection_2786","l20"
"intersection_2786","l28"
"intersection_2786","l47"
"intersection_2787","l34"
"intersection_2787","l39"
"intersection_2789","l3"
"intersection_2789","l18"
"intersection_2789","l22"
"intersection_2789","l45"
"intersection_2789","l48"
"intersection_2789","l49"
"4842109","l43"
"intersection_2794","l43"
"5049326","l5"
"intersection_2814","l5"
"4842101","l43"
"intersection_2826","l43"
"intersection_2841","l14"
"intersection_2848","l14"
"4849551","l48"
"4849551","l49"
"intersection_2882","l48"
"intersection_2882","l49"
"4830580","l5"
"intersection_2883","l14"
"intersection_2887","l5"
"4822897","l15"
"4822897","l16"
"4843593","l1"
"4843593","l12"
"4843593","l21"
"4843593","l27"
"4843593","l34"
"4843593","l35"
"4843593","l37"
"4843593","l39"
"4843593","l42"
"4843593","l43"
"4844283","l1"
"4844283","l12"
"4844283","l21"
"4844283","l27"
"4844283","l34"
"4844283","l35"
"4844283","l37"
"4844283","l39"
"4844283","l43"
"4822212","l42"
"4822207","l15"
"4822207","l16"
"intersection_2894","l1"
"intersection_2894","l12"
"intersection_2894","l21"
"intersection_2894","l27"
"intersection_2894","l34"
"intersection_2894","l35"
"intersection_2894","l37"
"intersection_2894","l39"
"intersection_2894","l42"
"intersection_2894","l43"
"intersection_2895","l42"
"intersection_2897","l15"
"intersection_2897","l16"
"intersection_2899","l47"
"intersection_2904","l47"
"5230114","l4"
"5230092","l4"
"intersection_2914","l4"
"intersection_2919","l37"
"intersection_2920","l11"
"intersection_2922","l11"
"5120284","l1"
"5120284","l12"
"5120284","l27"
"5120284","l31"
"intersection_2931","l1"
"intersection_2931","l12"
"intersection_2931","l27"
"intersection_2931","l31"
"intersection_2936","l50"
"intersection_2938","l50"
"4821106","l12"
"4842513","l9"
"4842513","l14"
"4842513","l46"
"intersection_2944","l12"
"intersection_2945","l9"
"intersection_2945","l14"
"intersection_2945","l46"
"intersection_2948","l12"
"4850957","l31"
"intersection_2968","l31"
"4824487","l47"
"intersection_2988","l47"
"5516785","l41"
"5098646","l41"
"intersection_3035","l41"
"intersection_3039","l6"
"intersection_3039","l22"
"intersection_3043","l7"
"4841761","l50"
"intersection_3057","l50"
"4840850","l6"
"4840850","l24"
"4851819","l10"
"4819464","l36"
"intersection_3062","l6"
"intersection_3062","l24"
"intersection_3064","l10"
"intersection_3064","l36"
"intersection_3065","l6"
"intersection_3065","l24"
"intersection_3067","l36"
"5098600","l3"
"5098600","l11"
"5098600","l22"
"5098600","l26"
"5098600","l28"
"5098600","l32"
"5098600","l33"
"5098600","l36"
"5098600","l44"
"5098600","l45"
"5098600","l47"
"5098599","l4"
"5098599","l13"
"5098599","l24"
"5098599","l34"
"5098599","l35"
"5098599","l39"
"5098599","l40"
"5098599","l41"
"5098599","l42"
"5098599","l43"
"5098599","l50"
"intersection_3068","l3"
"intersection_3068","l11"
"intersection_3068","l22"
"intersection_3068","l26"
"intersection_3068","l28"
"intersection_3068","l32"
"intersection_3068","l33"
"intersection_3068","l36"
"intersection_3068","l44"
"intersection_3068","l45"
"intersection_3068","l47"
"intersection_3071","l4"
"intersection_3071","l13"
"intersection_3071","l24"
"intersection_3071","l34"
"intersection_3071","l35"
"intersection_3071","l39"
"intersection_3071","l40"
"intersection_3071","l41"
"intersection_3071","l42"
"intersection_3071","l43"
"intersection_3071","l50"
"5446082","l39"
"intersection_3081","l39"
"4841941","l28"
"4841942","l28"
"intersection_3102","l28"
"5505184","l21"
"5505184","l34"
"5505184","l35"
"5505184","l37"
"5505184","l39"
"5505179","l21"
"5505179","l34"
"5505179","l35"
"5505179","l37"
"5505179","l39"
"intersection_3115","l21"
"intersection_3115","l34"
"intersection_3115","l35"
"intersection_3115","l37"
"intersection_3115","l39"
"5099318","l28"
"intersection_3157","l28"
"4842402","l30"
"intersection_3169","l30"
"4820491","l48"
"4820491","l49"
"intersection_3185","l48"
"intersection_3185","l49"
"5488972","l25"
"5488971","l25"
"intersection_3195","l25"
"4843047","l15"
"4843047","l16"
"4848834","l15"
"4848834","l16"
"intersection_3210","l15"
"intersection_3210","l16"
"intersection_3214","l15"
"intersection_3214","l16"
"4829352","l29"
"4829351","l29"
"intersection_3218","l29"
"4850794","l37"
"intersection_3221","l37"
"intersection_3226","l37"
"intersection_3227","l30"
"5505144","l7"
"5505144","l27"
"5505146","l29"
"5505143","l29"
"5505145","l7"
"5505145","l27"
"intersection_3249","l29"
"intersection_3251","l7"
"intersection_3251","l27"
"4819599","l4"
"4819599","l34"
"4819599","l35"
"4819599","l39"
"4819599","l40"
"4819599","l43"
"4840985","l3"
"4840985","l11"
"4840985","l22"
"4840985","l26"
"4840985","l28"
"4840985","l32"
"4840985","l33"
"4840985","l44"
"4840985","l45"
"4840985","l47"
"intersection_3258","l50"
"intersection_3259","l4"
"intersection_3259","l34"
"intersection_3259","l35"
"intersection_3259","l39"
"intersection_3259","l40"
"intersection_3259","l43"
"intersection_3262","l3"
"intersection_3262","l11"
"intersection_3262","l22"
"intersection_3262","l26"
"intersection_3262","l28"
"intersection_3262","l32"
"intersection_3262","l33"
"intersection_3262","l44"
"intersection_3262","l45"
"intersection_3262","l47"
"intersection_3269","l2"
"intersection_3269","l7"
"4840951","l4"
"4840951","l5"
"4840951","l19"
"4840951","l34"
"4840951","l39"
"4819565","l3"
"4819565","l18"
"4819565","l45"
"intersection_3276","l4"
"intersection_3276","l5"
"intersection_3276","l19"
"intersection_3276","l34"
"intersection_3276","l39"
"intersection_3278","l3"
"intersection_3278","l18"
"intersection_3278","l45"
"4819376","l31"
"4840760","l38"
"4819440","l31"
"intersection_3294","l38"
"intersection_3298","l31"
"5372932","l7"
"5372932","l30"
"intersection_3302","l7"
"intersection_3302","l30"
"4841734","l43"
"4841734","l48"
"4841734","l49"
"4841575","l48"
"4841575","l49"
"intersection_3313","l43"
"intersection_3315","l4"
"intersection_3315","l5"
"intersection_3315","l19"
"intersection_3315","l20"
"intersection_3315","l34"
"intersection_3315","l35"
"intersection_3315","l39"
"intersection_3315","l43"
"intersection_3323","l48"
"intersection_3323","l49"
"5314180","l23"
"5314180","l29"
"5314180","l32"
"5314180","l33"
"5314180","l44"
"5314180","l47"
"4820545","l23"
"4820545","l29"
"4820545","l32"
"4820545","l33"
"4820545","l44"
"4820545","l47"
"intersection_3324","l23"
"intersection_3324","l29"
"intersection_3324","l32"
"intersection_3324","l33"
"intersection_3324","l44"
"intersection_3324","l47"
"5539665","l41"
"5516786","l41"
"intersection_3331","l41"
"4821549","l43"
"4842901","l43"
"intersection_3332","l43"
"4845786","l15"
"4845786","l16"
"4845510","l15"
"4845510","l16"
"intersection_3364","l15"
"intersection_3364","l16"
"intersection_3369","l35"
"intersection_3370","l4"
"intersection_3370","l5"
"intersection_3370","l19"
"intersection_3370","l20"
"intersection_3370","l34"
"intersection_3370","l39"
"5049325","l24"
"intersection_3372","l24"
"intersection_3373","l24"
"4830408","l23"
"4830408","l32"
"4830408","l33"
"4830408","l42"
"4830408","l44"
"intersection_3377","l23"
"intersection_3377","l32"
"intersection_3377","l33"
"intersection_3377","l44"
"intersection_3377","l47"
"intersection_3378","l29"
"intersection_3380","l23"
"intersection_3380","l32"
"intersection_3380","l33"
"intersection_3380","l42"
"intersection_3380","l44"
"intersection_3382","l29"
"4842360","l43"
"4820791","l14"
"4820791","l44"
"4820791","l46"
"4820974","l14"
"4820974","l44"
"4820974","l46"
"4842177","l43"
"intersection_3398","l14"
"intersection_3398","l44"
"intersection_3398","l46"
"intersection_3400","l43"
"4827422","l6"
"4851827","l30"
"4851827","l31"
"intersection_3403","l31"
"intersection_3406","l31"
"4846292","l2"
"4846292","l6"
"4825547","l22"
"4824907","l2"
"4824907","l6"
"4824907","l22"
"intersection_3426","l6"
"intersection_3428","l2"
"intersection_3430","l2"
"intersection_3430","l6"
"intersection_3430","l22"
"intersection_3432","l2"
"4846265","l6"
"intersection_3453","l6"
"5091459","l12"
"5091459","l21"
"5091459","l29"
"5091459","l34"
"5091459","l35"
"5091459","l37"
"5091459","l39"
"5091459","l43"
"intersection_3456","l12"
"intersection_3456","l21"
"intersection_3456","l29"
"intersection_3456","l34"
"intersection_3456","l35"
"intersection_3456","l37"
"intersection_3456","l39"
"intersection_3456","l43"
"5285898","l13"
"4822216","l42"
"4822216","l44"
"4830409","l23"
"4830409","l32"
"4830409","l33"
"4830409","l42"
"4830409","l44"
"intersection_3485","l32"
"intersection_3485","l33"
"intersection_3487","l23"
"intersection_3488","l32"
"intersection_3488","l33"
"intersection_3488","l42"
"intersection_3488","l44"
"intersection_3502","l13"
"intersection_3502","l42"
"intersection_3505","l1"
"intersection_3505","l12"
"intersection_3505","l27"
"intersection_3505","l31"
"5314677","l1"
"5540644","l1"
"5540644","l31"
"intersection_3510","l1"
"intersection_3510","l31"
"5016296","l14"
"intersection_3514","l14"
"4824943","l21"
"4824943","l34"
"4824943","l37"
"4824943","l39"
"5446080","l21"
"5446080","l34"
"5446080","l37"
"5446080","l39"
"intersection_3534","l34"
"intersection_3534","l37"
"intersection_3534","l39"
"intersection_3535","l21"
"intersection_3536","l21"
"4846711","l27"
"4825325","l29"
"intersection_3538","l27"
"intersection_3540","l29"
"4886866","l29"
"4886866","l47"
"4822233","l42"
"4886867","l42"
"4843619","l29"
"4843619","l47"
"intersection_3544","l29"
"intersection_3545","l42"
"intersection_3546","l42"
"intersection_3548","l29"
"intersection_3549","l47"
"5314204","l23"
"5314204","l29"
"5314204","l32"
"5314204","l33"
"5314204","l44"
"5314204","l47"
"intersection_3550","l23"
"intersection_3550","l29"
"intersection_3550","l32"
"intersection_3550","l33"
"intersection_3550","l44"
"intersection_3550","l47"
"intersection_3558","l2"
"4845126","l10"
"5032287","l10"
"intersection_3571","l10"
"intersection_3572","l10"
"4819527","l1"
"4819527","l4"
"4819527","l12"
"4819527","l13"
"4819527","l21"
"4819527","l23"
"4819527","l24"
"4819527","l27"
"4819527","l29"
"4819527","l31"
"4819527","l34"
"4819527","l35"
"4819527","l39"
"4819527","l40"
"4819527","l41"
"4819527","l42"
"4819527","l43"
"4819527","l50"
"4840913","l11"
"4840913","l22"
"4840913","l26"
"4840913","l28"
"4840913","l30"
"4840913","l36"
"4840913","l45"
"4819575","l23"
"intersection_3586","l1"
"intersection_3586","l4"
"intersection_3586","l12"
"intersection_3586","l13"
"intersection_3586","l21"
"intersection_3586","l23"
"intersection_3586","l24"
"intersection_3586","l27"
"intersection_3586","l29"
"intersection_3586","l31"
"intersection_3586","l34"
"intersection_3586","l35"
"intersection_3586","l39"
"intersection_3586","l40"
"intersection_3586","l41"
"intersection_3586","l42"
"intersection_3586","l43"
"intersection_3586","l50"
"intersection_3588","l11"
"intersection_3588","l22"
"intersection_3588","l26"
"intersection_3588","l28"
"intersection_3588","l30"
"intersection_3588","l36"
"intersection_3588","l45"
"intersection_3590","l23"
"4827435","l7"
"intersection_3625","l7"
"intersection_3673","l23"
"intersection_3676","l23"
"4847056","l2"
"4850947","l31"
"intersection_3685","l31"
"intersection_3698","l4"
"intersection_3698","l5"
"intersection_3698","l19"
"intersection_3698","l20"
"intersection_3698","l34"
"intersection_3698","l35"
"intersection_3698","l39"
"intersection_3698","l43"
"4850759","l1"
"4850759","l12"
"4850759","l21"
"4850759","l27"
"4850759","l34"
"4850759","l35"
"4850759","l37"
"4850759","l39"
"4850759","l43"
"4845511","l15"
"4845511","l16"
"4845511","l29"
"4827434","l7"
"4829374","l15"
"4829374","l16"
"4824125","l7"
"4824125","l27"
"4876807","l1"
"4876807","l12"
"4876807","l21"
"4876807","l29"
"4876807","l34"
"4876807","l35"
"4876807","l37"
"4876807","l39"
"4876807","l43"
"intersection_3702","l15"
"intersection_3702","l16"
"intersection_3705","l27"
"intersection_3707","l7"
"intersection_3708","l1"
"intersection_3708","l12"
"intersection_3708","l21"
"intersection_3708","l34"
"intersection_3708","l35"
"intersection_3708","l37"
"intersection_3708","l39"
"intersection_3708","l43"
"intersection_3709","l29"
"4841311","l50"
"4819537","l1"
"4819537","l4"
"4819537","l12"
"4819537","l13"
"4819537","l21"
"4819537","l24"
"4819537","l27"
"4819537","l31"
"4819537","l34"
"4819537","l35"
"4819537","l39"
"4819537","l40"
"4819537","l41"
"4819537","l42"
"4819537","l43"
"4819537","l50"
"4840923","l11"
"4840923","l22"
"4840923","l26"
"4840923","l30"
"4840923","l36"
"intersection_3733","l1"
"intersection_3733","l4"
"intersection_3733","l13"
"intersection_3733","l24"
"intersection_3733","l31"
"intersection_3733","l40"
"intersection_3733","l41"
"intersection_3733","l50"
"intersection_3734","l1"
"intersection_3734","l50"
"intersection_3735","l8"
"intersection_3735","l12"
"intersection_3735","l21"
"intersection_3735","l27"
"intersection_3735","l34"
"intersection_3735","l35"
"intersection_3735","l37"
"intersection_3735","l39"
"intersection_3735","l42"
"intersection_3735","l43"
"intersection_3736","l8"
"intersection_3736","l11"
"intersection_3736","l22"
"intersection_3736","l26"
"intersection_3736","l30"
"intersection_3736","l36"
"intersection_3736","l37"
"4842575","l9"
"4842575","l46"
"4842567","l30"
"intersection_3751","l9"
"intersection_3751","l46"
"intersection_3754","l30"
"intersection_3755","l9"
"intersection_3755","l46"
"4841355","l3"
"4841355","l18"
"4841355","l22"
"4841355","l28"
"4841355","l45"
"4841355","l47"
"4841436","l48"
"4841436","l49"
"4841363","l3"
"4841363","l18"
"4841363","l22"
"4841363","l28"
"4841363","l45"
"4841363","l47"
"4841363","l48"
"4841363","l49"
"intersection_3756","l3"
"intersection_3756","l18"
"intersection_3756","l22"
"intersection_3756","l28"
"intersection_3756","l45"
"intersection_3756","l47"
"intersection_3757","l48"
"intersection_3757","l49"
"4848816","l2"
"4848816","l7"
"intersection_3764","l2"
"intersection_3764","l7"
"4820876","l1"
"4820876","l27"
"4820876","l31"
"4820876","l48"
"4820876","l49"
"4820800","l1"
"4820800","l27"
"4820800","l31"
"4820800","l48"
"4820800","l49"
"intersection_3801","l1"
"intersection_3801","l27"
"intersection_3801","l31"
"intersection_3801","l48"
"intersection_3801","l49"
"4829414","l21"
"4829414","l37"
"4829410","l21"
"4829410","l37"
"intersection_3826","l21"
"intersection_3826","l37"
"4840901","l3"
"4840901","l11"
"4840901","l22"
"4840901","l26"
"4840901","l28"
"4840901","l32"
"4840901","l33"
"4840901","l36"
"4840901","l44"
"4840901","l45"
"4840901","l47"
"4819515","l4"
"4819515","l13"
"4819515","l24"
"4819515","l34"
"4819515","l35"
"4819515","l39"
"4819515","l40"
"4819515","l41"
"4819515","l42"
"4819515","l43"
"4819515","l50"
"intersection_3851","l3"
"intersection_3851","l11"
"intersection_3851","l22"
"intersection_3851","l26"
"intersection_3851","l28"
"intersection_3851","l32"
"intersection_3851","l33"
"intersection_3851","l44"
"intersection_3851","l45"
"intersection_3851","l47"
"intersection_3852","l24"
"intersection_3852","l41"
"intersection_3854","l36"
"intersection_3856","l4"
"intersection_3856","l24"
"intersection_3856","l34"
"intersection_3856","l35"
"intersection_3856","l39"
"intersection_3856","l40"
"intersection_3856","l41"
"intersection_3856","l43"
"intersection_3856","l50"
"intersection_3857","l13"
"intersection_3858","l42"
"intersection_3860","l24"
"intersection_3860","l41"
"intersection_3860","l42"
"4821207","l46"
"4842593","l30"
"intersection_3863","l46"
"intersection_3863","l48"
"intersection_3863","l49"
"intersection_3867","l30"
"4819340","l31"
"intersection_3900","l31"
"4840989","l48"
"4840989","l49"
"intersection_3910","l3"
"intersection_3910","l18"
"intersection_3910","l45"
"intersection_3910","l48"
"intersection_3910","l49"
"intersection_3916","l4"
"intersection_3916","l5"
"intersection_3916","l19"
"intersection_3916","l34"
"intersection_3916","l39"
"intersection_3920","l48"
"intersection_3920","l49"
"5188627","l10"
"intersection_3924","l10"
"intersection_3927","l10"
"4842493","l8"
"4821107","l23"
"4821107","l29"
"4821107","l32"
"4821107","l33"
"4821107","l44"
"4821107","l47"
"intersection_3928","l8"
"intersection_3930","l23"
"intersection_3930","l29"
"intersection_3930","l32"
"intersection_3930","l33"
"intersection_3930","l44"
"intersection_3930","l47"
"4825649","l22"
"intersection_3939","l22"
"4824386","l47"
"5259580","l47"
"intersection_3963","l47"
"4850739","l11"
"4850739","l22"
"4850739","l26"
"4850739","l30"
"4850739","l36"
"4884667","l28"
"4829354","l1"
"4829354","l4"
"4829354","l12"
"4829354","l13"
"4829354","l21"
"4829354","l24"
"4829354","l27"
"4829354","l31"
"4829354","l34"
"4829354","l35"
"4829354","l39"
"4829354","l40"
"4829354","l41"
"4829354","l42"
"4829354","l43"
"4829354","l50"
"4829353","l29"
"intersection_3984","l11"
"intersection_3984","l22"
"intersection_3984","l26"
"intersection_3984","l30"
"intersection_3984","l36"
"intersection_3986","l28"
"intersection_3987","l1"
"intersection_3987","l4"
"intersection_3987","l12"
"intersection_3987","l13"
"intersection_3987","l21"
"intersection_3987","l24"
"intersection_3987","l27"
"intersection_3987","l31"
"intersection_3987","l34"
"intersection_3987","l35"
"intersection_3987","l39"
"intersection_3987","l40"
"intersection_3987","l41"
"intersection_3987","l42"
"intersection_3987","l43"
"intersection_3987","l50"
"intersection_3993","l29"
"intersection_3995","l28"
"4840876","l8"
"4840876","l11"
"4840876","l37"
"intersection_3997","l8"
"intersection_3997","l11"
"intersection_3997","l37"
"4851828","l30"
"4851828","l31"
"4819412","l30"
"intersection_4004","l31"
"intersection_4011","l30"
"5515742","l1"
"5515742","l31"
"intersection_4016","l1"
"intersection_4016","l31"
"4822228","l23"
"4822228","l29"
"4822228","l32"
"4822228","l33"
"4822228","l44"
"4822228","l47"
"4821635","l23"
"4821635","l29"
"4821635","l32"
"4821635","l33"
"4821635","l44"
"4821635","l47"
"intersection_4052","l23"
"intersection_4052","l29"
"intersection_4052","l32"
"intersection_4052","l33"
"intersection_4052","l44"
"intersection_4052","l47"
"4841588","l35"
"intersection_4112","l35"
"intersection_4120","l35"
"5016358","l5"
"5064459","l5"
"intersection_4127","l5"
"4848814","l2"
"4848814","l7"
"intersection_4133","l2"
"intersection_4133","l7"
"5516764","l3"
"5516763","l3"
"intersection_4161","l3"
"4841315","l3"
"4841315","l22"
"4841315","l28"
"4841315","l45"
"4841315","l47"
"intersection_4170","l3"
"intersection_4170","l22"
"intersection_4170","l28"
"intersection_4170","l45"
"intersection_4170","l47"
"4885651","l1"
"4885651","l27"
"4885651","l31"
"4885651","l48"
"4885651","l49"
"intersection_4178","l1"
"intersection_4178","l27"
"intersection_4178","l31"
"intersection_4178","l48"
"intersection_4178","l49"
"5371259","l21"
"5371259","l34"
"5371259","l37"
"intersection_4208","l21"
"intersection_4208","l34"
"intersection_4208","l37"
"4842098","l43"
"intersection_4216","l43"
"4849552","l48"
"4849552","l49"
"5064103","l48"
"5064103","l49"
"intersection_4227","l48"
"intersection_4227","l49"
"4842054","l26"
"intersection_4230","l26"
"intersection_4237","l26"
"4848822","l2"
"4848823","l2"
"intersection_4257","l2"
"4849536","l43"
"4849536","l48"
"4849536","l49"
"4849537","l43"
"4849537","l48"
"4849537","l49"
"intersection_4263","l43"
"intersection_4263","l48"
"intersection_4263","l49"
"4841566","l4"
"4841566","l5"
"4841566","l19"
"4841566","l20"
"4841566","l28"
"4841566","l34"
"4841566","l39"
"4841849","l28"
"4841590","l4"
"4841590","l5"
"4841590","l19"
"4841590","l20"
"4841590","l34"
"4841590","l39"
"intersection_4274","l4"
"intersection_4274","l5"
"intersection_4274","l19"
"intersection_4274","l20"
"intersection_4274","l28"
"intersection_4276","l34"
"intersection_4276","l39"
"intersection_4277","l4"
"intersection_4277","l5"
"intersection_4277","l19"
"intersection_4277","l20"
"4829552","l36"
"4840832","l4"
"4840832","l24"
"4840832","l40"
"5372933","l22"
"5372933","l30"
"5372933","l36"
"4819446","l22"
"4819446","l30"
"4819446","l36"
"5372934","l4"
"5372934","l24"
"5372934","l40"
"4840833","l38"
"intersection_4295","l22"
"intersection_4295","l30"
"intersection_4295","l36"
"intersection_4299","l4"
"intersection_4299","l24"
"intersection_4299","l40"
"5120283","l1"
"5120283","l12"
"5120283","l27"
"5120283","l31"
"5121375","l1"
"5121375","l12"
"5121375","l27"
"5121375","l31"
"intersection_4336","l1"
"intersection_4336","l12"
"intersection_4336","l27"
"intersection_4336","l31"
"4843890","l44"
"intersection_4347","l44"
"intersection_4348","l44"
"4845789","l2"
"4845789","l6"
"4845789","l22"
"4823763","l7"
"4845149","l6"
"4845149","l22"
"4848812","l2"
"4848812","l7"
"intersection_4357","l6"
"intersection_4357","l22"
"intersection_4360","l2"
"intersection_4361","l7"
"4849511","l4"
"4849511","l5"
"4849511","l19"
"4849511","l39"
"4819276","l3"
"4819276","l18"
"4819276","l45"
"4828126","l3"
"4828126","l18"
"4840573","l45"
"4840662","l4"
"4840662","l5"
"4840662","l19"
"4840662","l39"
"intersection_4363","l3"
"intersection_4363","l18"
"intersection_4363","l45"
"intersection_4364","l45"
"intersection_4366","l4"
"intersection_4366","l5"
"intersection_4366","l19"
"intersection_4366","l39"
"5035753","l28"
"5064637","l28"
"intersection_4368","l28"
"5505093","l47"
"5091458","l12"
"5091458","l21"
"5091458","l29"
"5091458","l34"
"5091458","l35"
"5091458","l37"
"5091458","l39"
"5091458","l43"
"5355364","l12"
"5355364","l21"
"5355364","l29"
"5355364","l34"
"5355364","l35"
"5355364","l37"
"5355364","l39"
"5355364","l43"
"5355364","l47"
"intersection_4379","l47"
"intersection_4380","l12"
"intersection_4380","l21"
"intersection_4380","l29"
"intersection_4380","l34"
"intersection_4380","l35"
"intersection_4380","l37"
"intersection_4380","l39"
"intersection_4380","l43"
"intersection_4402","l4"
"intersection_4402","l13"
"intersection_4402","l24"
"intersection_4402","l31"
"intersection_4402","l40"
"intersection_4402","l41"
"intersection_4404","l8"
"intersection_4404","l11"
"intersection_4404","l22"
"intersection_4404","l26"
"intersection_4404","l30"
"intersection_4404","l36"
"intersection_4404","l37"
"4819544","l4"
"4819544","l34"
"4819544","l35"
"4819544","l39"
"4819544","l40"
"4819544","l43"
"4819544","l50"
"4840905","l3"
"4840905","l11"
"4840905","l22"
"4840905","l26"
"4840905","l28"
"4840905","l32"
"4840905","l33"
"4840905","l44"
"4840905","l45"
"4840905","l47"
"4840930","l3"
"4840930","l11"
"4840930","l22"
"4840930","l26"
"4840930","l28"
"4840930","l32"
"4840930","l33"
"4840930","l44"
"4840930","l45"
"4840930","l47"
"4819519","l4"
"4819519","l34"
"4819519","l35"
"4819519","l39"
"4819519","l40"
"4819519","l43"
"4819519","l50"
"intersection_4411","l3"
"intersection_4411","l11"
"intersection_4411","l22"
"intersection_4411","l26"
"intersection_4411","l28"
"intersection_4411","l32"
"intersection_4411","l33"
"intersection_4411","l44"
"intersection_4411","l45"
"intersection_4411","l47"
"intersection_4413","l4"
"intersection_4413","l34"
"intersection_4413","l35"
"intersection_4413","l39"
"intersection_4413","l40"
"intersection_4413","l43"
"intersection_4413","l50"
"5147027","l8"
"5147027","l11"
"5147027","l22"
"5147027","l26"
"5147027","l30"
"5147027","l36"
"5147027","l37"
"5147024","l4"
"5147024","l13"
"5147024","l24"
"5147024","l31"
"5147024","l40"
"5147024","l41"
"intersection_4447","l8"
"intersection_4447","l11"
"intersection_4447","l22"
"intersection_4447","l26"
"intersection_4447","l30"
"intersection_4447","l36"
"intersection_4447","l37"
"intersection_4450","l4"
"intersection_4450","l13"
"intersection_4450","l24"
"intersection_4450","l31"
"intersection_4450","l40"
"intersection_4450","l41"
"4884669","l45"
"4884665","l1"
"4884665","l4"
"4884665","l12"
"4884665","l13"
"4884665","l21"
"4884665","l24"
"4884665","l27"
"4884665","l29"
"4884665","l31"
"4884665","l34"
"4884665","l35"
"4884665","l39"
"4884665","l40"
"4884665","l41"
"4884665","l42"
"4884665","l43"
"4884665","l50"
"4884664","l11"
"4884664","l22"
"4884664","l26"
"4884664","l28"
"4884664","l30"
"4884664","l36"
"4884666","l11"
"4884666","l22"
"4884666","l26"
"4884666","l28"
"4884666","l30"
"4884666","l36"
"4884666","l45"
"4884663","l1"
"4884663","l4"
"4884663","l12"
"4884663","l13"
"4884663","l21"
"4884663","l24"
"4884663","l27"
"4884663","l29"
"4884663","l31"
"4884663","l34"
"4884663","l35"
"4884663","l39"
"4884663","l40"
"4884663","l41"
"4884663","l42"
"4884663","l43"
"4884663","l50"
"intersection_4461","l11"
"intersection_4461","l22"
"intersection_4461","l26"
"intersection_4461","l28"
"intersection_4461","l30"
"intersection_4461","l36"
"intersection_4461","l45"
"intersection_4462","l45"
"intersection_4463","l1"
"intersection_4463","l4"
"intersection_4463","l12"
"intersection_4463","l13"
"intersection_4463","l21"
"intersection_4463","l24"
"intersection_4463","l27"
"intersection_4463","l29"
"intersection_4463","l31"
"intersection_4463","l34"
"intersection_4463","l35"
"intersection_4463","l39"
"intersection_4463","l40"
"intersection_4463","l41"
"intersection_4463","l42"
"intersection_4463","l43"
"intersection_4463","l50"
"4830617","l3"
"4852000","l19"
"4852002","l19"
"4830615","l3"
"intersection_4465","l19"
"intersection_4466","l3"
"intersection_4469","l19"
"4848817","l2"
"4848817","l7"
"4848806","l2"
"4823839","l7"
"intersection_4494","l2"
"intersection_4497","l2"
"intersection_4497","l7"
"4829781","l43"
"4842934","l43"
"intersection_4508","l43"
"intersection_4511","l43"
"4841597","l1"
"4841597","l12"
"4841597","l27"
"4841597","l31"
"4841523","l1"
"4841523","l12"
"4841523","l27"
"4841523","l31"
"intersection_4514","l1"
"intersection_4514","l12"
"intersection_4514","l27"
"intersection_4514","l31"
"5422277","l22"
"5422277","l26"
"5422277","l30"
"5422277","l36"
"4840570","l4"
"4840570","l13"
"4840570","l24"
"4840570","l31"
"4840570","l40"
"4840570","l41"
"5422280","l4"
"5422280","l13"
"5422280","l24"
"5422280","l31"
"5422280","l40"
"5422280","l41"
"4819184","l22"
"4819184","l26"
"4819184","l30"
"4819184","l36"
"intersection_4535","l4"
"intersection_4535","l13"
"intersection_4535","l24"
"intersection_4535","l31"
"intersection_4535","l40"
"intersection_4535","l41"
"intersection_4537","l22"
"intersection_4537","l26"
"intersection_4537","l30"
"intersection_4537","l36"
"intersection_4539","l11"
"intersection_4539","l37"
"intersection_4543","l37"
"intersection_4545","l19"
"4841838","l30"
"intersection_4552","l25"
"intersection_4554","l30"
"4841527","l50"
"4841144","l50"
"intersection_4564","l50"
"4819497","l36"
"4840926","l6"
"4840926","l24"
"4840926","l40"
"4840883","l6"
"4840883","l24"
"4840883","l40"
"4819540","l36"
"intersection_4596","l6"
"intersection_4596","l24"
"intersection_4596","l40"
"intersection_4598","l36"
"4840791","l8"
"4819407","l11"
"4819407","l37"
"4840847","l8"
"4840847","l11"
"4840847","l37"
"intersection_4605","l8"
"intersection_4605","l11"
"intersection_4605","l37"
"intersection_4606","l8"
"4827335","l13"
"4827335","l41"
"4827335","l42"
"4840590","l24"
"5139949","l36"
"4848720","l36"
"5139948","l13"
"5139948","l24"
"5139948","l41"
"5139948","l42"
"intersection_4608","l24"
"intersection_4609","l36"
"intersection_4612","l13"
"intersection_4612","l24"
"intersection_4612","l41"
"intersection_4612","l42"
"4823013","l6"
"4823013","l22"
"4848830","l7"
"4844399","l7"
"4827445","l6"
"4827445","l22"
"intersection_4616","l7"
"intersection_4618","l6"
"intersection_4618","l22"
"4845886","l47"
"intersection_4626","l47"
"4841956","l43"
"4841870","l43"
"4841870","l48"
"4841870","l49"
"4820618","l26"
"intersection_4631","l48"
"intersection_4631","l49"
"intersection_4632","l43"
"intersection_4637","l26"
"4827423","l6"
"4825190","l6"
"intersection_4666","l6"
"intersection_4670","l6"
"4829778","l14"
"4821360","l14"
"intersection_4674","l14"
"4851147","l11"
"4851147","l14"
"4851147","l26"
"4851147","l32"
"4851147","l33"
"4851147","l44"
"4829763","l4"
"4829763","l5"
"4829763","l19"
"4829763","l34"
"4829763","l35"
"4829763","l39"
"4829763","l40"
"4829763","l43"
"4829762","l4"
"4829762","l5"
"4829762","l19"
"4829762","l34"
"4829762","l35"
"4829762","l39"
"4829762","l40"
"4829762","l43"
"4851148","l11"
"4851148","l14"
"4851148","l26"
"4851148","l32"
"4851148","l33"
"4851148","l44"
"intersection_4690","l4"
"intersection_4690","l5"
"intersection_4690","l19"
"intersection_4690","l34"
"intersection_4690","l35"
"intersection_4690","l39"
"intersection_4690","l40"
"intersection_4690","l43"
"intersection_4692","l11"
"intersection_4692","l14"
"intersection_4692","l26"
"intersection_4692","l32"
"intersection_4692","l33"
"intersection_4692","l44"
"5571520","l25"
"intersection_4696","l25"
"intersection_4699","l25"
"4840694","l41"
"4819309","l26"
"4819308","l26"
"intersection_4711","l26"
"4820310","l25"
"5064728","l25"
"intersection_4722","l25"
"4836907","l30"
"5515741","l1"
"5515741","l31"
"4821015","l1"
"4821015","l30"
"4821015","l31"
"intersection_4732","l30"
"intersection_4733","l1"
"intersection_4733","l31"
"intersection_4741","l7"
"intersection_4741","l30"
"intersection_4742","l7"
"intersection_4742","l30"
"4849530","l14"
"4849530","l46"
"4849531","l9"
"4849531","l12"
"4849531","l14"
"4849531","l46"
"intersection_4750","l9"
"intersection_4750","l12"
"intersection_4750","l14"
"intersection_4750","l46"
"4819348","l31"
"intersection_4758","l31"
"4820738","l12"
"4842123","l12"
"intersection_4764","l12"
"intersection_4768","l12"
"5446084","l39"
"5314207","l23"
"5314207","l29"
"5314207","l32"
"5314207","l33"
"5314207","l44"
"5314207","l47"
"intersection_4811","l23"
"intersection_4811","l29"
"intersection_4811","l32"
"intersection_4811","l33"
"intersection_4811","l44"
"intersection_4811","l47"
"4829555","l30"
"4829561","l7"
"4829561","l30"
"intersection_4839","l30"
"intersection_4840","l7"
"4830607","l19"
"intersection_4855","l19"
"5015992","l17"
"5015992","l24"
"intersection_4865","l17"
"intersection_4865","l24"
"4843002","l1"
"4843002","l12"
"4843002","l21"
"4843002","l27"
"4843002","l34"
"4843002","l35"
"4843002","l37"
"4843002","l39"
"4843002","l42"
"4843002","l43"
"intersection_4873","l1"
"intersection_4873","l12"
"intersection_4873","l21"
"intersection_4873","l27"
"intersection_4873","l34"
"intersection_4873","l35"
"intersection_4873","l37"
"intersection_4873","l39"
"intersection_4873","l42"
"intersection_4873","l43"
"4849506","l5"
"intersection_4879","l5"
"4840743","l5"
"intersection_4893","l5"
"4841919","l12"
"4820497","l1"
"4820497","l27"
"4820497","l31"
"4820497","l48"
"4820497","l49"
"4841880","l1"
"4841880","l12"
"4841880","l27"
"4841880","l31"
"4820493","l48"
"4820493","l49"
"intersection_4896","l27"
"intersection_4897","l1"
"intersection_4897","l31"
"intersection_4898","l1"
"intersection_4898","l12"
"intersection_4898","l27"
"intersection_4898","l31"
"intersection_4903","l27"
"intersection_4903","l48"
"intersection_4903","l49"
"4848802","l27"
"4827417","l29"
"4848804","l27"
"intersection_4914","l29"
"intersection_4915","l29"
"intersection_4918","l27"
"4842131","l26"
"4842172","l26"
"intersection_4933","l26"
"intersection_4935","l26"
"4840608","l5"
"4840608","l24"
"4840591","l24"
"4840644","l5"
"intersection_4941","l24"
"intersection_4942","l5"
"intersection_4942","l24"
"5355397","l21"
"5355397","l34"
"5355397","l37"
"5355387","l21"
"5355387","l34"
"5355387","l37"
"intersection_4949","l21"
"intersection_4949","l34"
"intersection_4949","l37"
"5540637","l3"
"5539666","l3"
"intersection_4950","l3"
"4851984","l3"
"4830599","l19"
"intersection_4953","l3"
"intersection_4956","l19"
"4830606","l19"
"intersection_4990","l19"
"4842421","l30"
"4842418","l30"
"intersection_5005","l30"
"4841704","l11"
"4841704","l14"
"4841704","l20"
"4841704","l26"
"4841704","l44"
"4820318","l40"
"4841712","l20"
"intersection_5018","l11"
"intersection_5018","l14"
"intersection_5018","l20"
"intersection_5018","l26"
"intersection_5018","l44"
"intersection_5019","l40"
"intersection_5021","l40"
"intersection_5024","l20"
"intersection_5026","l40"
"4828141","l1"
"4828141","l27"
"4828141","l31"
"4828141","l48"
"4828141","l49"
"4885653","l1"
"4885653","l27"
"4885653","l31"
"4885653","l48"
"4885653","l49"
"intersection_5044","l1"
"intersection_5044","l27"
"intersection_5044","l31"
"intersection_5044","l48"
"intersection_5044","l49"
"4842815","l43"
"4821213","l14"
"4821213","l44"
"4821213","l46"
"4842599","l43"
"4821214","l14"
"4821214","l44"
"4821214","l46"
"intersection_5072","l14"
"intersection_5072","l44"
"intersection_5072","l46"
"intersection_5074","l43"
"intersection_5076","l14"
"intersection_5076","l44"
"intersection_5076","l46"
"4819365","l31"
"4819355","l31"
"intersection_5099","l31"
"4820252","l40"
"4841580","l11"
"4841580","l14"
"4841580","l26"
"4841580","l32"
"4841580","l33"
"4841580","l44"
"4841638","l11"
"4841638","l14"
"4841638","l20"
"4841638","l26"
"4841638","l44"
"4820194","l4"
"4820194","l5"
"4820194","l19"
"4820194","l34"
"4820194","l35"
"4820194","l39"
"4820194","l40"
"4820194","l43"
"intersection_5107","l32"
"intersection_5107","l33"
"intersection_5109","l4"
"intersection_5109","l5"
"intersection_5109","l19"
"intersection_5109","l20"
"intersection_5109","l35"
"intersection_5110","l11"
"intersection_5110","l14"
"intersection_5110","l26"
"intersection_5110","l44"
"intersection_5112","l34"
"intersection_5112","l39"
"intersection_5112","l43"
"intersection_5113","l4"
"intersection_5113","l5"
"intersection_5113","l19"
"intersection_5113","l35"
"intersection_5113","l40"
"4841723","l1"
"4841723","l12"
"4841723","l27"
"4841723","l31"
"4841653","l1"
"4841653","l12"
"4841653","l27"
"4841653","l31"
"intersection_5116","l1"
"intersection_5116","l12"
"intersection_5116","l27"
"intersection_5116","l31"
"5314164","l1"
"5314164","l8"
"5314164","l12"
"5314164","l21"
"5314164","l27"
"5314164","l34"
"5314164","l35"
"5314164","l37"
"5314164","l39"
"5314164","l42"
"5314164","l43"
"5455238","l8"
"4842245","l1"
"4842245","l12"
"4842245","l21"
"4842245","l27"
"4842245","l34"
"4842245","l35"
"4842245","l37"
"4842245","l39"
"4842245","l42"
"4842245","l43"
"intersection_5120","l1"
"intersection_5120","l8"
"intersection_5120","l12"
"intersection_5120","l21"
"intersection_5120","l27"
"intersection_5120","l34"
"intersection_5120","l35"
"intersection_5120","l37"
"intersection_5120","l39"
"intersection_5120","l42"
"intersection_5120","l43"
"intersection_5124","l1"
"intersection_5124","l12"
"intersection_5124","l21"
"intersection_5124","l27"
"intersection_5124","l34"
"intersection_5124","l35"
"intersection_5124","l37"
"intersection_5124","l39"
"intersection_5124","l42"
"intersection_5124","l43"
"5571517","l18"
"4885680","l18"
"intersection_5135","l18"
"intersection_5136","l18"
"4851826","l31"
"intersection_5150","l31"
"5314296","l3"
"5132982","l21"
"5132846","l21"
"intersection_5165","l21"
"intersection_5166","l21"
"4840537","l4"
"4840537","l13"
"4840537","l24"
"4840537","l31"
"4840537","l40"
"4840537","l41"
"4819150","l22"
"4819150","l26"
"4819150","l30"
"4819150","l36"
"4819151","l22"
"4819151","l26"
"4819151","l30"
"4819151","l36"
"4840536","l4"
"4840536","l13"
"4840536","l24"
"4840536","l31"
"4840536","l40"
"4840536","l41"
"intersection_5174","l22"
"intersection_5174","l26"
"intersection_5174","l30"
"intersection_5174","l36"
"intersection_5176","l4"
"intersection_5176","l13"
"intersection_5176","l24"
"intersection_5176","l31"
"intersection_5176","l40"
"intersection_5176","l41"
"5314239","l30"
"5064488","l30"
"intersection_5182","l30"
"4840972","l4"
"4840972","l5"
"4840972","l19"
"4840972","l34"
"4840972","l39"
"4819602","l3"
"4819602","l18"
"4819602","l45"
"4819586","l3"
"4819586","l18"
"4819586","l45"
"4840988","l4"
"4840988","l5"
"4840988","l19"
"4840988","l34"
"4840988","l39"
"intersection_5187","l3"
"intersection_5187","l18"
"intersection_5187","l45"
"intersection_5189","l4"
"intersection_5189","l5"
"intersection_5189","l19"
"intersection_5189","l34"
"intersection_5189","l39"
"4820406","l46"
"4841789","l11"
"4841789","l14"
"4841789","l26"
"4841789","l44"
"4841788","l11"
"4841788","l14"
"4841788","l26"
"4841788","l44"
"4841788","l46"
"intersection_5194","l11"
"intersection_5194","l14"
"intersection_5194","l26"
"intersection_5194","l44"
"intersection_5195","l11"
"intersection_5195","l14"
"intersection_5195","l26"
"intersection_5195","l44"
"intersection_5195","l46"
"4819372","l31"
"4819373","l31"
"intersection_5200","l31"
"intersection_5207","l31"
"5036725","l21"
"5036725","l23"
"5036725","l29"
"5036725","l32"
"5036725","l33"
"5036725","l44"
"5036725","l47"
"5036721","l1"
"5036721","l4"
"5036721","l12"
"5036721","l13"
"5036721","l24"
"5036721","l25"
"5036721","l27"
"5036721","l31"
"5036721","l34"
"5036721","l35"
"5036721","l39"
"5036721","l40"
"5036721","l41"
"5036721","l42"
"5036721","l43"
"5036721","l50"
"5036723","l11"
"5036723","l22"
"5036723","l26"
"5036723","l28"
"5036723","l30"
"5036723","l36"
"5036723","l45"
"5036724","l25"
"5036724","l30"
"5036722","l11"
"5036722","l22"
"5036722","l26"
"5036722","l28"
"5036722","l32"
"5036722","l33"
"5036722","l36"
"5036722","l44"
"5036722","l45"
"5036722","l47"
"5036720","l1"
"5036720","l4"
"5036720","l12"
"5036720","l13"
"5036720","l21"
"5036720","l23"
"5036720","l24"
"5036720","l27"
"5036720","l29"
"5036720","l31"
"5036720","l34"
"5036720","l35"
"5036720","l39"
"5036720","l40"
"5036720","l41"
"5036720","l42"
"5036720","l43"
"5036720","l50"
"intersection_5211","l25"
"intersection_5212","l30"
"intersection_5213","l21"
"intersection_5213","l32"
"intersection_5213","l33"
"intersection_5213","l44"
"intersection_5213","l47"
"intersection_5214","l11"
"intersection_5214","l22"
"intersection_5214","l26"
"intersection_5214","l28"
"intersection_5214","l36"
"intersection_5214","l45"
"intersection_5215","l23"
"intersection_5215","l29"
"intersection_5216","l1"
"intersection_5216","l4"
"intersection_5216","l12"
"intersection_5216","l13"
"intersection_5216","l21"
"intersection_5216","l24"
"intersection_5216","l27"
"intersection_5216","l31"
"intersection_5216","l34"
"intersection_5216","l35"
"intersection_5216","l39"
"intersection_5216","l40"
"intersection_5216","l41"
"intersection_5216","l42"
"intersection_5216","l43"
"intersection_5216","l50"
"5098637","l13"
"5098637","l42"
"5098640","l13"
"5098640","l41"
"5098640","l42"
"intersection_5218","l42"
"intersection_5219","l41"
"intersection_5219","l42"
"intersection_5220","l13"
"4841584","l4"
"4841584","l5"
"4841584","l19"
"4841584","l20"
"4841584","l34"
"4841584","l35"
"4841584","l39"
"4841584","l43"
"4841586","l4"
"4841586","l5"
"4841586","l19"
"4841586","l20"
"4841586","l34"
"4841586","l35"
"4841586","l39"
"4841586","l43"
"intersection_5269","l4"
"intersection_5269","l5"
"intersection_5269","l19"
"intersection_5269","l20"
"intersection_5269","l34"
"intersection_5269","l35"
"intersection_5269","l39"
"intersection_5269","l43"
"5016333","l14"
"intersection_5274","l14"
"intersection_5275","l14"
"4819872","l4"
"4819872","l5"
"4819872","l34"
"4819872","l35"
"4819872","l39"
"4819872","l40"
"4819872","l43"
"4841202","l11"
"4841202","l14"
"4841202","l26"
"4841202","l32"
"4841202","l33"
"4841202","l44"
"4841258","l11"
"4841258","l14"
"4841258","l26"
"4841258","l32"
"4841258","l33"
"4841258","l44"
"4819816","l4"
"4819816","l5"
"4819816","l34"
"4819816","l35"
"4819816","l39"
"4819816","l40"
"4819816","l43"
"intersection_5283","l11"
"intersection_5283","l14"
"intersection_5283","l26"
"intersection_5283","l32"
"intersection_5283","l33"
"intersection_5283","l44"
"intersection_5286","l4"
"intersection_5286","l5"
"intersection_5286","l34"
"intersection_5286","l35"
"intersection_5286","l39"
"intersection_5286","l40"
"intersection_5286","l43"
"4819876","l3"
"4819876","l18"
"4819876","l45"
"4819876","l48"
"4819876","l49"
"4841262","l4"
"4841262","l5"
"4841262","l19"
"4841262","l20"
"4841262","l34"
"4841262","l39"
"intersection_5295","l3"
"intersection_5295","l18"
"intersection_5295","l45"
"intersection_5295","l48"
"intersection_5295","l49"
"intersection_5297","l4"
"intersection_5297","l5"
"intersection_5297","l19"
"intersection_5297","l20"
"intersection_5297","l34"
"intersection_5297","l39"
"intersection_5301","l10"
"5028013","l5"
"intersection_5313","l5"
"4840914","l22"
"4840914","l26"
"4840914","l30"
"4840914","l36"
"4819528","l4"
"4819528","l13"
"4819528","l24"
"4819528","l31"
"4819528","l40"
"4819528","l41"
"intersection_5316","l22"
"intersection_5316","l26"
"intersection_5316","l30"
"intersection_5316","l36"
"intersection_5317","l4"
"intersection_5317","l13"
"intersection_5317","l24"
"intersection_5317","l31"
"intersection_5317","l40"
"intersection_5317","l41"
"4840558","l45"
"4852021","l45"
"intersection_5323","l45"
"4829334","l13"
"4829334","l42"
"4829333","l13"
"4829333","l42"
"intersection_5335","l13"
"intersection_5335","l42"
"4828137","l30"
"intersection_5337","l30"
"5374178","l41"
"5374184","l41"
"intersection_5353","l41"
"5110727","l32"
"5110727","l33"
"4829377","l23"
"4829376","l23"
"4829376","l32"
"4829376","l33"
"intersection_5355","l23"
"intersection_5355","l32"
"intersection_5355","l33"
"intersection_5359","l32"
"intersection_5359","l33"
"4850939","l31"
"4851814","l31"
"intersection_5383","l31"
"4820487","l48"
"4820487","l49"
"4820477","l11"
"4820477","l14"
"4820477","l26"
"4820477","l44"
"4820477","l46"
"4820552","l11"
"4820552","l14"
"4820552","l44"
"4820552","l46"
"4820485","l26"
"4820485","l48"
"4820485","l49"
"intersection_5391","l11"
"intersection_5391","l14"
"intersection_5391","l44"
"intersection_5391","l46"
"intersection_5394","l26"
"intersection_5400","l26"
"intersection_5400","l48"
"intersection_5400","l49"
"4841084","l20"
"4851138","l4"
"4851138","l5"
"4851138","l19"
"4851138","l34"
"4851138","l39"
"5064493","l3"
"5064493","l18"
"5064493","l45"
"5064493","l48"
"5064493","l49"
"4829753","l3"
"4829753","l18"
"4829753","l45"
"4829753","l48"
"4829753","l49"
"5064494","l4"
"5064494","l5"
"5064494","l19"
"5064494","l20"
"5064494","l34"
"5064494","l39"
"intersection_5410","l3"
"intersection_5410","l18"
"intersection_5410","l45"
"intersection_5410","l48"
"intersection_5410","l49"
"intersection_5412","l20"
"intersection_5413","l4"
"intersection_5413","l5"
"intersection_5413","l19"
"intersection_5413","l34"
"intersection_5413","l39"
"4842592","l30"
"4821192","l9"
"4821192","l46"
"4821206","l9"
"4821206","l46"
"4842578","l30"
"intersection_5416","l9"
"intersection_5416","l46"
"intersection_5418","l30"
"4819532","l4"
"4819532","l13"
"4819532","l24"
"4819532","l31"
"4819532","l40"
"4819532","l41"
"4840916","l22"
"4840916","l26"
"4840916","l30"
"4840916","l36"
"4840918","l22"
"4840918","l26"
"4840918","l30"
"4840918","l36"
"4819530","l4"
"4819530","l13"
"4819530","l24"
"4819530","l31"
"4819530","l40"
"4819530","l41"
"intersection_5425","l22"
"intersection_5425","l26"
"intersection_5425","l30"
"intersection_5425","l36"
"intersection_5427","l4"
"intersection_5427","l13"
"intersection_5427","l24"
"intersection_5427","l31"
"intersection_5427","l40"
"intersection_5427","l41"
"4850950","l38"
"4829565","l26"
"4850948","l38"
"intersection_5429","l26"
"intersection_5431","l38"
"intersection_5432","l38"
"4841643","l32"
"4841643","l33"
"intersection_5450","l32"
"intersection_5450","l33"
"4840920","l22"
"4840920","l26"
"4840920","l30"
"4840920","l36"
"4840919","l8"
"4840919","l11"
"4840919","l37"
"4829338","l4"
"4829338","l13"
"4829338","l24"
"4829338","l31"
"4829338","l40"
"4829338","l41"
"4819534","l4"
"4819534","l13"
"4819534","l24"
"4819534","l31"
"4819534","l40"
"4819534","l41"
"4850723","l8"
"4850723","l11"
"4850723","l22"
"4850723","l26"
"4850723","l30"
"4850723","l36"
"4850723","l37"
"intersection_5478","l4"
"intersection_5478","l13"
"intersection_5478","l24"
"intersection_5478","l31"
"intersection_5478","l40"
"intersection_5478","l41"
"intersection_5481","l22"
"intersection_5481","l26"
"intersection_5481","l30"
"intersection_5481","l36"
"intersection_5482","l8"
"intersection_5482","l11"
"intersection_5482","l37"
"4841030","l3"
"4841030","l11"
"4841030","l22"
"4841030","l26"
"4841030","l28"
"4841030","l32"
"4841030","l33"
"4841030","l44"
"4841030","l45"
"4841030","l47"
"4829759","l4"
"4829759","l5"
"4829759","l34"
"4829759","l35"
"4829759","l39"
"4829759","l40"
"4829759","l43"
"4851966","l14"
"4819644","l4"
"4819644","l34"
"4819644","l35"
"4819644","l39"
"4819644","l40"
"4819644","l43"
"4851144","l11"
"4851144","l14"
"4851144","l26"
"4851144","l32"
"4851144","l33"
"4851144","l44"
"4830581","l5"
"4841223","l3"
"4841223","l22"
"4841223","l28"
"4841223","l45"
"4841223","l47"
"intersection_5491","l4"
"intersection_5491","l34"
"intersection_5491","l35"
"intersection_5491","l39"
"intersection_5491","l40"
"intersection_5491","l43"
"intersection_5492","l11"
"intersection_5492","l26"
"intersection_5492","l32"
"intersection_5492","l33"
"intersection_5492","l44"
"intersection_5493","l14"
"intersection_5496","l5"
"intersection_5498","l3"
"intersection_5498","l22"
"intersection_5498","l28"
"intersection_5498","l45"
"intersection_5498","l47"
"intersection_5499","l4"
"intersection_5499","l34"
"intersection_5499","l35"
"intersection_5499","l39"
"intersection_5499","l40"
"intersection_5499","l43"
"4840611","l5"
"4840611","l24"
"4840612","l5"
"4840612","l24"
"intersection_5513","l5"
"intersection_5513","l24"
"4841583","l4"
"4841583","l5"
"4841583","l19"
"4841583","l20"
"4841583","l34"
"4841583","l35"
"4841583","l39"
"4841583","l43"
"4841579","l4"
"4841579","l5"
"4841579","l19"
"4841579","l20"
"4841579","l34"
"4841579","l35"
"4841579","l39"
"4841579","l43"
"intersection_5544","l4"
"intersection_5544","l5"
"intersection_5544","l19"
"intersection_5544","l20"
"intersection_5544","l34"
"intersection_5544","l35"
"intersection_5544","l39"
"intersection_5544","l43"
"4841858","l23"
"4841858","l29"
"4841858","l32"
"4841858","l33"
"4841858","l44"
"4841858","l47"
"4837270","l23"
"4837270","l29"
"4837270","l32"
"4837270","l33"
"4837270","l44"
"4837270","l47"
"intersection_5549","l23"
"intersection_5549","l29"
"intersection_5549","l32"
"intersection_5549","l33"
"intersection_5549","l44"
"intersection_5549","l47"
"5049322","l24"
"5049306","l17"
"5049306","l18"
"5049306","l24"
"intersection_5566","l17"
"intersection_5566","l18"
"intersection_5566","l24"
"intersection_5568","l17"
"intersection_5568","l18"
"intersection_5568","l24"
"intersection_5573","l24"
"5571524","l17"
"5571524","l24"
"5015996","l17"
"5015996","l24"
"intersection_5577","l17"
"intersection_5577","l24"
"5064028","l22"
"4847035","l22"
"intersection_5588","l22"
"4841362","l3"
"4841362","l18"
"4841362","l22"
"4841362","l28"
"4841362","l45"
"4841362","l47"
"4841362","l48"
"4841362","l49"
"4841358","l3"
"4841358","l18"
"4841358","l22"
"4841358","l28"
"4841358","l45"
"4841358","l47"
"4841358","l48"
"4841358","l49"
"intersection_5596","l3"
"intersection_5596","l18"
"intersection_5596","l22"
"intersection_5596","l28"
"intersection_5596","l45"
"intersection_5596","l47"
"intersection_5596","l48"
"intersection_5596","l49"
"5259564","l47"
"5505120","l47"
"intersection_5603","l47"
"4885626","l1"
"4885626","l12"
"4885626","l25"
"4885626","l27"
"4885626","l31"
"4830489","l1"
"4830489","l12"
"4830489","l25"
"4830489","l27"
"4830489","l31"
"intersection_5617","l1"
"intersection_5617","l12"
"intersection_5617","l25"
"intersection_5617","l27"
"intersection_5617","l31"
"4819139","l22"
"4819139","l26"
"4819139","l30"
"4819139","l36"
"4840532","l4"
"4840532","l13"
"4840532","l24"
"4840532","l31"
"4840532","l40"
"4840532","l41"
"4840525","l4"
"4840525","l13"
"4840525","l24"
"4840525","l31"
"4840525","l40"
"4840525","l41"
"4819146","l22"
"4819146","l26"
"4819146","l30"
"4819146","l36"
"intersection_5625","l4"
"intersection_5625","l13"
"intersection_5625","l24"
"intersection_5625","l31"
"intersection_5625","l40"
"intersection_5625","l41"
"intersection_5627","l22"
"intersection_5627","l26"
"intersection_5627","l30"
"intersection_5627","l36"
"intersection_5645","l10"
"4819536","l4"
"4819536","l13"
"4819536","l24"
"4819536","l31"
"4819536","l40"
"4819536","l41"
"5147026","l8"
"5147026","l11"
"5147026","l22"
"5147026","l26"
"5147026","l30"
"5147026","l36"
"5147026","l37"
"4840922","l8"
"4840922","l11"
"4840922","l22"
"4840922","l26"
"4840922","l30"
"4840922","l36"
"4840922","l37"
"5147025","l4"
"5147025","l13"
"5147025","l24"
"5147025","l31"
"5147025","l40"
"5147025","l41"
"intersection_5652","l8"
"intersection_5652","l11"
"intersection_5652","l22"
"intersection_5652","l26"
"intersection_5652","l30"
"intersection_5652","l36"
"intersection_5652","l37"
"intersection_5654","l4"
"intersection_5654","l13"
"intersection_5654","l24"
"intersection_5654","l31"
"intersection_5654","l40"
"intersection_5654","l41"
"4829428","l10"
"4829431","l10"
"intersection_5660","l10"
"4821022","l30"
"4821020","l30"
"intersection_5662","l30"
"4840676","l11"
"4840676","l37"
"4819406","l11"
"4819406","l37"
"intersection_5721","l11"
"intersection_5721","l37"
"intersection_5724","l11"
"intersection_5724","l37"
"4830604","l19"
"4830603","l19"
"intersection_5728","l19"
"intersection_5729","l19"
"5036165","l25"
"5036165","l30"
"5036164","l25"
"5036164","l30"
"intersection_5734","l25"
"intersection_5734","l30"
"4850955","l7"
"4850955","l30"
"5314066","l7"
"5314066","l30"
"intersection_5760","l7"
"intersection_5760","l30"
"intersection_5761","l7"
"intersection_5761","l30"
"4824517","l47"
"4841769","l7"
"4827446","l6"
"4827446","l22"
"4820383","l6"
"4820383","l22"
"4848831","l7"
"intersection_5803","l6"
"intersection_5803","l22"
"intersection_5810","l7"
"4840756","l36"
"4819458","l6"
"4819458","l24"
"5454902","l10"
"4819370","l6"
"4819370","l24"
"4840844","l10"
"4840844","l36"
"intersection_5820","l6"
"intersection_5820","l24"
"intersection_5825","l36"
"intersection_5827","l10"
"5016294","l14"
"5016284","l14"
"intersection_5842","l14"
"4841589","l4"
"4841589","l5"
"4841589","l19"
"4841589","l20"
"4841589","l34"
"4841589","l35"
"4841589","l39"
"4841587","l4"
"4841587","l5"
"4841587","l19"
"4841587","l20"
"4841587","l34"
"4841587","l35"
"4841587","l39"
"intersection_5845","l4"
"intersection_5845","l5"
"intersection_5845","l19"
"intersection_5845","l20"
"intersection_5845","l34"
"intersection_5845","l35"
"intersection_5845","l39"
"5015975","l17"
"5015975","l24"
"5015965","l17"
"5015965","l24"
"intersection_5864","l17"
"intersection_5864","l24"
"5571410","l1"
"5571410","l8"
"5571410","l12"
"5571410","l21"
"5571410","l27"
"5571410","l34"
"5571410","l35"
"5571410","l37"
"5571410","l39"
"5571410","l42"
"5571410","l43"
"5571410","l50"
"5157273","l1"
"5157273","l8"
"5157273","l12"
"5157273","l21"
"5157273","l27"
"5157273","l34"
"5157273","l35"
"5157273","l37"
"5157273","l39"
"5157273","l42"
"5157273","l43"
"5157273","l50"
"intersection_5870","l1"
"intersection_5870","l8"
"intersection_5870","l12"
"intersection_5870","l21"
"intersection_5870","l27"
"intersection_5870","l34"
"intersection_5870","l35"
"intersection_5870","l37"
"intersection_5870","l39"
"intersection_5870","l42"
"intersection_5870","l43"
"intersection_5870","l50"
"4822654","l44"
"intersection_5879","l44"
"4819873","l19"
"intersection_5887","l19"
"4841061","l40"
"intersection_5894","l40"
"intersection_5895","l40"
"4842489","l30"
"4821157","l46"
"4821157","l48"
"4821157","l49"
"4821103","l27"
"4821103","l46"
"4821103","l48"
"4821103","l49"
"4842543","l30"
"intersection_5897","l27"
"intersection_5898","l46"
"intersection_5898","l48"
"intersection_5898","l49"
"intersection_5901","l30"
"5009928","l22"
"5009929","l22"
"intersection_5905","l22"
